,product_id,shop_id,short_description,price,discount,final_price,sold_product,rating_count,location,brand
0,1257717612,55564549,"CAMERA IP YOOSEE 360, QUAN SÁT RÕ NGÀY VÀ ĐÊM, KÈM THẺ NHỚ, BẢO HÀNH 1 NĂM",35000000000,50,17900000000,73282,"[16841, 428, 153, 376, 976, 14908]",TP. Hồ Chí Minh,No brand
1,20952877374,816505872,CAMERA IP WIFI YOOSEE 11 LED FNKvision 5.0Mpx Full HD  New 2023 - QUAY ĐÊM CÓ MÀU - XOAY 360 ĐỘ - THEO DÕI CHUYỂN ĐỘNG,20000000000,48,12900000000,12183,"[1869, 29, 19, 43, 118, 1660]",TP. Hồ Chí Minh,
2,21947927141,816505872,[FNKvision] Camera Ngoài Trời PTZ MINI Xoay 360° Chống Nước YooSee Full HD 5MP 16 Led Ban Đêm Trợ Sáng Đàm Thoại 2 Chiều,55000000000,50,27500000000,5500,"[1137, 24, 17, 23, 90, 983]",TP. Hồ Chí Minh,
3,20837801279,816490879,"Camera IP Wifi 5G Yoosee FNKvision 5.0MP 360 độ, thế hệ mới 5 ăng ten, Full HD, xem đêm có màu, phiên bản tiếng việt",25000000000,48,19900000000,8132,"[998, 13, 12, 23, 62, 888]",TP. Hồ Chí Minh,
4,19852619911,816505872,(FNKvision)Camera IP Wifi Yoosee Tiếng Việt quay đêm siêu nét 360 độ phân giải FULL HD 5.0MP Không Dây- Camera trong nhà,40000000000,46,23500000000,6206,"[521, 13, 4, 14, 52, 438]",TP. Hồ Chí Minh,
5,12542342443,17614607,Camera YooSee HK216 FHD Xoay 360 thiết kế gọn gàng - Quay đêm CÓ MÀU hoặc HỒNG NGOẠI - không enten vẫn bắt sóng tốt,0,0,23900000000,3502,"[902, 28, 11, 27, 51, 785]",TP. Hồ Chí Minh,
6,17893861711,902638815,Camera An Ninh Không Dây Có Kết Nối Wifi Với Chế Độ Xem Ban Đêm LOEY1,3300000000,35,2200000000,1,"[0, 0, 0, 0, 0, 0]",Nước ngoài,
7,1306429643,11279821,Camera Wifi YooSee HD1080P - cài đặt Tiếng Việt,36900000000,41,21900000000,12196,"[3200, 102, 35, 87, 236, 2740]",Hà Nội,Yoosee
8,3549055817,190753408,Camera ip wifi imou ranger a42ep 4M Quad HD (2K ) a22ep Full HD 1080P phiên bản mới A1/ A2 xoay 360 chính hãng bh 2 năm,70000000000,30,49800000000,6451,"[1783, 5, 5, 24, 81, 1668]",Hà Nội,IMOU
9,17493861085,887216384,[HOT] Camera A9 Full HD 1080P WiFi Không Dây IP Hồng Ngoại Quan Sát Ban Đêm Camera Mạng Góc Nhìn 360 Độ,12500000000,34,8214000000,0,"[0, 0, 0, 0, 0, 0]",Nước ngoài,
10,4944886560,24625047,[Mã ELBAU5 giảm 5% tối đa 500K] Camera Wifi TP-Link Tapo C200 / C210 Full HD 1080P 360 độ Giám Sát An Ninh,89900000000,50,49900000000,23319,"[6699, 42, 18, 58, 216, 6365]",TP. Hồ Chí Minh,TP-LiNK
11,14941641953,633248085,"Camera hành trình Xiaomi 70mai A500s quốc tế, phân giải 2,7K, cảm biến Sony, cảnh báo va chạm, lệch làn, GPS, quay đêm",300000000000,44,171500000000,4169,"[330, 0, 0, 2, 7, 321]",Hà Nội,
12,3343340594,48332059,Bộ máy ảnh canon 450D kèm ống kính,0,0,299900000000,120,"[55, 0, 0, 0, 0, 55]",Hà Nội,
13,6713849867,156707818,Camera yoosee ngoài trời thân xoay 36 LED Full HD 1080P kèm thẻ nhớ 32GB,45000000000,17,37200000000,1166,"[287, 4, 3, 6, 18, 256]",TP. Hồ Chí Minh,Yoosee
14,13273595298,634754185,"Camera wifi Ezviz C6N/TY2/TY1 1080p(2M , 4M) , Xoay 360 độ - Hàng chính hãng bảo hành 2 năm",60000000000,50,30000000000,9194,"[2170, 56, 15, 35, 131, 1933]",Hà Nội,EZVIZ
15,7316606858,1754914,Gói Miễn Phí Vận Chuyển Xtra,0,0,100000000,961647,"[327924, 3887, 696, 1960, 2854, 318527]",TP. Hồ Chí Minh,No brand
16,4063889294,21078602,"Camera Hành Trình Ô tô Camera hành trình 70Mai A500s Camera ô tô A500s Pro Plus 1944P Siêu nét, Tích hợp sẵn GPS",175000000000,21,145000000000,1603,"[576, 4, 2, 6, 22, 542]",Hải Phòng,Xiaomi
17,2151612368,11514252,[Mã INBAU30 giảm 30K đơn 199K] Camera hành trình ONTEKCO 1080 P Full HD DVR Xe Ô Tô bán sỉ,29000000000,33,24900000000,949,"[148, 5, 3, 4, 9, 127]",Hà Nội,No Brand
18,3861779935,154130071,"Bộ camera căn lề ô tô, xe hơi YOELBAER không cần khoan gương, màn hình LCD dễ dàng lắp đặt",75000000000,21,58900000000,431,"[180, 6, 2, 6, 16, 150]",Hà Nội,No brand
19,21842841440,780073103,"Camera hành trình 70Mai Dash Cam Pro Plus A500s, phân giải 2.7k, cảm biến Sony siêu nét, cảnh báo lệch làn",140000000000,41,83300000000,323,"[31, 0, 0, 0, 0, 31]",TP. Hồ Chí Minh,
20,11213003061,19576196,Camera hành trình ONTEKCO S14 / S18- 8 led hình ảnh FULL HD 1080P bán sỉ toàn quốc chính hãng,66100000000,48,38900000000,1214,"[305, 15, 3, 11, 13, 263]",Hà Nội,NoBrand
21,18633418543,746276855,"Camera hành trình ô tô, Camera hành trình A6 Plus và A4 Full HD Đèn LED,ghi hình trước sau, màn hình cảm ứng,thẻ nhớ 32G",73000000000,47,57900000000,2438,"[65, 0, 1, 2, 7, 55]",Hà Nội,No brand
22,12466878597,646662818,Camera hành trình 70mai A800S & A800S-1 Độ phân giải 4K Tích hợp GPS Ghi hình kênh đôi Bản quốc tế bảo hành 12 tháng,367800000000,28,274900000000,555,"[200, 2, 0, 3, 9, 186]",TP. Hồ Chí Minh,
23,17844880981,679380758,Camera hành trình ô tô Xiaomi 70mai M300 độ phân giải 2304 x 1296P [BẢN QUỐC TẾ],100000000000,18,88900000000,178,"[65, 0, 0, 0, 2, 63]",Hà Nội,
24,6918250795,13101724,Camera Hành Trình Trước Sau ONTEKCO S14 black Full HD Tích Hợp 8 LED Hồng Ngoại,17500000000,45,17500000000,794,"[192, 17, 7, 9, 12, 147]",Hà Nội,No Brand
25,14338391320,646662818,Camera hành trình ô tô 70mai Dash cam Pro Plus + A500S độ phân giải 1944P,237000000000,30,166700000000,3435,"[1205, 6, 1, 11, 51, 1136]",TP. Hồ Chí Minh,
26,11294945603,759356478,Camera Lùi Xe 4 LED / 8 LED / Hồng Ngoại 120 Độ HD Hỗ Trợ Đỗ Xe Tầm Nhìn Ban Đêm,3536200000,50,3536200000,459,"[82, 7, 3, 5, 10, 57]",Nước ngoài,No Brand
27,18029256568,251967117,"Cam Hành Trình Cảm Ứng A6 Plus FULLHD 1080P, Camera Ôtô Ghi Hình Trước Sau, Dùng Được Cho Xe Tải Và Xe Con: 12-24V",60000000000,14,51900000000,134,"[41, 1, 0, 1, 2, 37]",Hà Nội,
28,4152764462,17917892,Camera Hành Trình Ô tô 70mai Plus A500s Quốc Tế Và Cam 70mai Pro Lite Chính Hãng Xiaomi Giá Rẻ Cho Xe Hơi,130000000000,16,109500000000,401,"[123, 1, 0, 1, 7, 114]",Hải Phòng,Xiaomi
29,13255563763,489946605,"Camera Hành Trình Chống Nước Chống Rung 4K Sports Ultra HD DV , Camera Hành Trình Gắn Mũ Bảo Hiểm",44500000000,5,42275000000,261,"[104, 4, 3, 2, 7, 88]",Hà Nội,
30,15360143459,53355040,Camera hành trình 70mai Dash Cam M500 - Phiên bản Quốc Tế,219900000000,11,199900000000,457,"[158, 3, 0, 3, 8, 144]",Hà Nội,
31,19209418910,780073103,"Camera hành trình Xiaomi 70mai lite quốc tế, cảm biến Sony siêu quay đêm, full HD, lỗi 1 đổi 1",65000000000,39,39700000000,1898,"[138, 0, 0, 0, 2, 136]",TP. Hồ Chí Minh,
32,8615887894,21078602,Camera hành trình ô tô 70Mai A500s quay Trước và Sau Siêu Nét - 70mai Dash Cam Pro Plus+ A500s Rear Cam Set 1944P,255000000000,38,185000000000,87,"[38, 0, 0, 0, 3, 35]",Hải Phòng,Xiaomi
33,20263512587,251967117,Camera Hành Trình Màn Hình Android V8 WIFI - Xem Video Trên Điện Thoại Và Màn Hình ANDROID,15000000000,20,12000000000,175,"[63, 0, 0, 4, 4, 55]",Hà Nội,
34,14857671233,646662818,Camera hành trình 70mai dash cam M500 1944P GPS TẦM NHÌN BAN ĐÊM ADAS Chế độ giám sát đỗ xe  Điều khiển bằng giọng nói,449900000000,49,227900000000,569,"[218, 0, 1, 4, 13, 200]",TP. Hồ Chí Minh,
35,6048971164,17917892,Camera Hành Trình Ô tô Xiaomi 70mai Pro Plus Dash Cam 70 Mai Lite Chính Hãng Full HD,120000000000,14,107500000000,538,"[172, 1, 0, 4, 3, 164]",Hải Phòng,Xiaomi
36,16900132934,53355040,VIETMAP KC01 v.2 Camera hành trình Cảnh Báo Giao Thông ver 2.0 Cảm biến 2K Sony Starvis,391900000000,17,327900000000,223,"[76, 0, 1, 0, 8, 67]",Hà Nội,
37,2184068751,143589212,Bộ camera hành trình đi đêm dành cho xe ô tô HD 1080P 120 độ,31609600000,15,27000000000,194,"[51, 1, 0, 6, 5, 39]",Nước ngoài,No brand
38,13136777893,299252,Camera hành trình 70mai A800s / Pro Plus A500S Bản Quốc Tế,154900000000,1,154500000000,204,"[71, 0, 0, 2, 3, 66]",Hà Nội,
39,11151852339,401485839,Camera Lùi AHD Mắt SONY 1080p Siêu Nét Cho Màn Hình Android 3G - 4G - Camera de hồng ngoại AHD,35000000000,16,29500000000,828,"[267, 5, 0, 4, 7, 251]",Thái Bình,
40,11694945610,759356478,Hệ Thống Cảm Biến Đỗ Xe Có Đèn LED 4 Cảm Biến,33967700000,49,17323500000,256,"[79, 1, 1, 4, 4, 69]",Nước ngoài,No Brand
41,6302022961,99552004,"Bộ màn hình đặt taplo và camera lùi cho xe tải, camera lùi 12-24V, 24 đèn led, vỏ bằng hợp kim chống va đập, chống nước",78000000000,32,53900000000,357,"[84, 0, 0, 0, 5, 79]",Hà Nội,
42,8217945702,173997513,"Camera 360 ÔTÔ 4 Mắt Cam, Màn Hình 4.3inch HD siêu nét, đèn LED đi đêm, cam trái, cam phải, cam trước, cam sau, BH 1 năm",175000000000,14,149800000000,76,"[11, 0, 0, 1, 0, 10]",Hà Nội,No brand
43,20902050425,408921219,Camera hành trình 4K Sports ULTRA HD DV KAW 1080P Ghi hình cực nét - Quay mọi khoảnh khắc,61000000000,46,39900000000,249,"[63, 3, 1, 6, 4, 49]",TP. Hồ Chí Minh,
44,18812024571,206468529,Hệ Thống Camera Lùi Xe Hơi Màn Hình TFT LCD 4.3 Inch Có Thể Gấp Gọn,53840000000,40,32300000000,16,"[5, 0, 0, 0, 1, 4]",Nước ngoài,
45,10296745478,706374110,"Camera Hành Trình ONTEKCO DASHCAM Ống Kính Kép 3"" Ghi Hình DVR 1080P hồng ngoại ban đêm siêu sáng",98780000000,49,49900000000,161,"[11, 0, 1, 1, 0, 9]",Hải Dương,NoBrand
46,3536552517,14012700,[Miễn Phí Lắp Đặt] Camera Hành Trình Vietmap KC01 CBGT [Kèm Thẻ Nhớ 128Gb],0,0,349000000000,69,"[26, 0, 0, 0, 0, 26]",TP. Hồ Chí Minh,VietMap
47,1696371791,73436667,"Camera hành trình VIETMAP C61 Pro (bản 2023) cho xe ô tô kèm thẻ nhớ 32G, 64G, 128GB",0,0,309000000000,190,"[86, 0, 0, 2, 3, 81]",Hà Nội,
48,15154264693,667164735,Camera Hành Trình Ô Tô DDPai Mini Độ Phân Giải Ful HD Kết Nối Wifi Bảo Hành Chính Hãng 12 Tháng,124900000000,43,71700000000,858,"[438, 2, 1, 1, 3, 431]",TP. Hồ Chí Minh,
49,1765638096,96537614,[Mã BMLT30 giảm 30K] Vietmap A50 - Dẫn đường S1+Cảnh báo giao thông - camera hành trình trước sau - Hàng chính hãng,0,0,419000000000,19,"[6, 0, 0, 0, 1, 5]",TP. Hồ Chí Minh,VietMap
50,12666897954,646662818,Camera hành trình ô tô 70mai A400 Độ phân giải 1440P Ghi hình kênh đôi Bản quốc tế bảo hành 12 tháng,189900000000,26,139900000000,381,"[173, 1, 1, 1, 2, 168]",TP. Hồ Chí Minh,
51,2980996205,238323920,CAMERA HÀNH TRÌNH GƯƠNG MX10 PRO CẢNH BÁO DẪN ĐƯỜNG VIETMAP S1 chính hãng  MAXCAR,292000000000,25,259000000000,88,"[22, 0, 0, 0, 1, 21]",Hà Nội,
52,17101366455,53355040,Camera hành trình 70mai Dash Cam Pro Plus+ A500S (Phiên bản Quốc Tế),159900000000,2,159900000000,500,"[207, 0, 0, 1, 5, 201]",Hà Nội,
53,20716151394,796609311,"Camera hành trình ô tô A6 Plus và A4 Full HD Đèn LED,ghi hình trước sau, màn hình cảm ứng,thẻ nhớ 32G-HaNoi_Autoshop",73900000000,36,58900000000,2602,"[98, 1, 5, 3, 7, 82]",Hà Nội,No brand
54,20540508039,746276855,"Camera hành trình Wifi A4 Plus,Camera hành trình ô tô kết nối qua điện thoại ghi hình thông tin tốc độ,quay trước sau",135000000000,32,105500000000,1477,"[20, 1, 0, 1, 1, 17]",Hà Nội,No brand
55,2341170689,48608792,Camera yoosee 16 đèn - camera ngoài trời-xoay 360-chống mưa-ban đêm có màu,60000000000,39,36500000000,11174,"[1883, 48, 23, 53, 134, 1625]",TP. Hồ Chí Minh,No brand
56,23902485618,880588486,Camera IP hồng ngoại không dây 2.0 Megapixel DAHUA IPC-C22EP-A-IMOU,98200000000,50,49500000000,239,"[67, 0, 1, 0, 1, 65]",Hà Nội,
57,19462556867,816490879,"Camera outdoor wifi PTZ mini 5G Yoosee, phiên bản tiếng việt - FNKVISION 5.0MP, quan sát 360 độ, Full HD, xem đêm có màu",50000000000,47,33900000000,620,"[157, 3, 0, 7, 9, 138]",TP. Hồ Chí Minh,
58,18852012089,297411514,"Camera Yoosee PTZ-Camera ngoài trời mẫu siêu mini, 36 led 5.0mpx,xoay 360 độ,chống nước,xem đêm có màu mã ptz36 mini",36500000000,19,29500000000,5428,"[108, 7, 0, 3, 3, 95]",TP. Hồ Chí Minh,
59,20949870547,297411514,"CAMERA IP YOOSEE 5.0mpx có màu 360, QUAN SÁT RÕ NGÀY VÀ ĐÊM, VÀ THẺ NHỚ 32GB HOẶC 64GB Mã camera 11 đèn ban đêm có màu",15000000000,43,9500000000,5431,"[303, 4, 5, 7, 22, 265]",TP. Hồ Chí Minh,
60,3605572328,48608792,CAMERA IP YOOSEE Tiếng Việt Và Thẻ Nhớ 32Gb Yoosee Chuyên Dụng,40000000000,49,20500000000,20661,"[4078, 92, 39, 87, 246, 3614]",TP. Hồ Chí Minh,Yoosee
61,10298796522,48608792,CAMERA IP WIFI YOOSEE 11 LED 5.0Mpx Full HD New 2022 - QUAY ĐÊM CÓ MÀU - XOAY 360 ĐỘ - THEO DÕI CHUYỂN ĐỘNG MÃ 3R11M,23500000000,46,16900000000,7065,"[454, 8, 7, 13, 45, 381]",TP. Hồ Chí Minh,
62,9130977597,408225626,Camera Xiaomi 360 1080p Bản Quốc tế - Quay Full HD hoặc 2K | Đàm thoại 2 chiều- Hàng chính hãng,0,0,88000000000,645,"[152, 0, 0, 1, 4, 147]",TP. Hồ Chí Minh,Xiaomi
63,10981815721,585862174,"Camera wifi Ezviz C6N 1080P xoay 360 độ, theo dõi chuyển động, đàm thoại 2 chiều - Hàng chính hãng, bảo hành 2 năm",30000000000,12,29600000000,1326,"[314, 4, 0, 6, 14, 290]",TP. Hồ Chí Minh,
64,17794021110,389936597,Camera wifi -Camera Quan Sát Wifi 5G-Kết Nối Với Điện Thoại Di Động FULL HD 1080P Camera An Ninh IP,0,0,9900000000,332,"[11, 0, 0, 0, 0, 11]",Hà Nội,
65,20222193271,206468529,Camera Hỗ Trợ Đậu Xe Tầm Nhìn Ban Đêm Góc 170 Độ AHD 720P 25fps 12V,15657200000,39,9500000000,256,"[30, 1, 0, 0, 3, 26]",Nước ngoài,
66,18725394056,783734127,Camera Hành Trình Ô tô  Xiaomi 70mai M500 - Phân Giải 3K 1944P - Điều Khiển Giọng Nói GPS Cảm Biến Lốp Quốc Tế,348000000000,40,208800000000,540,"[26, 0, 0, 2, 0, 24]",TP. Hồ Chí Minh,
67,16179817715,79898090,"Camera hành trình SJCAM C100 Plus siêu nhỏ, có thể gắn mũ, xe - Bảo hành 6 tháng",175000000000,21,138900000000,1,"[0, 0, 0, 0, 0, 0]",Hà Nội,
68,16640778462,646662818,Camera hành trình 70mai Smart Dash Cam 1S D06 Phiên Bản quốc tế 1080P Điều khiển qua App và giọng nói,130000000000,36,83600000000,981,"[309, 0, 0, 4, 15, 290]",TP. Hồ Chí Minh,
69,8275315953,19576196,"[PHỤ KIỆN] Camera lùi cho cam Hành Trình ô tô xe du lịch, xe tải, , camera sau Loại Jac 5 Chân Kèm Dây, có hồng ngoại",11000000000,44,6900000000,522,"[136, 5, 0, 4, 8, 119]",Hà Nội,NoBrand
70,16222103874,53355040,Camera hành trình 70mai Dash Cam M300 - Bản quốc tế,0,0,89900000000,1262,"[443, 4, 2, 2, 17, 418]",Hà Nội,
71,20725867971,822616743,"Camera hành trình ô tô K4 màn cảm ứng 4inch Full HD, quay đêm rõ nét, chống rung tự động Bảo Hành 12 Tháng",79900000000,16,67500000000,1426,"[164, 0, 0, 0, 0, 164]",Hà Nội,
72,14554259460,667164735,Camera hành trình ô tô  DDPai Dash cam Z40  Màn hình LCD kép 2.4 inch 1944P Cam sau  Chế độ đỗ xe 24h  Hỗ trợ thẻ nhớ,285000000000,40,169800000000,277,"[118, 2, 1, 2, 4, 109]",TP. Hồ Chí Minh,
73,17006302986,667164735,Camera hành trình ô tô DDPAI Dash Cam Mola N3 / N3 GPS / N3 Pro Phiên bản toàn cầu Độ phân giải 1600P kết nối Wifi,197900000000,42,118900000000,404,"[257, 0, 0, 1, 2, 254]",TP. Hồ Chí Minh,
74,19831299862,21078602,Camera khoang lái 70mai FC02 Interior Dash Cam FC02,55000000000,13,47900000000,19,"[5, 0, 0, 0, 0, 5]",Hải Phòng,
75,10189554384,53355040,Camera hành trình 70mai Dash Cam A800s 4K - Phiên bản Quốc tế,309900000000,14,265900000000,89,"[34, 1, 0, 0, 1, 32]",Hà Nội,
76,13579873655,251967117,Camera Hành Trình Màn Hình Android V2 WIFI - Xem Video Trên Điện Thoại Và Màn Hình ANDROID,13000000000,22,11000000000,120,"[38, 0, 0, 3, 3, 32]",Hà Nội,
77,7135661462,3075268,"Màn hình taplo hiển thị camera lùi, lề 4.3 inch",18000000000,39,10900000000,668,"[183, 1, 0, 4, 3, 175]",Hà Nội,No brand
78,16505949148,171571510,Camera Hành Trình Ô tô Xiaomi 70mai M300 Phiên Bản QUỐC TẾ Độ Nét Cao Kết Nối WiFi Tiện Lợi độ phân giải 1296P,130000000000,31,89900000000,146,"[56, 0, 0, 0, 4, 52]",TP. Hồ Chí Minh,
79,14390941314,833842081,ASAWIN Kính chiếu hậu camera hành trình 10inch màn hình cảm ứng ống kính kép trước và sau HD 1080P tầm nhìn ban đêm,91324500000,13,79900000000,305,"[147, 1, 0, 3, 2, 141]",Nước ngoài,No Brand
80,11481477289,646662818,Camera hành trình ô tô 70mai Dash Cam D08 lite - Độ phân giải full HD với cảm biến SONY IMX307,194900000000,38,119900000000,485,"[164, 0, 1, 2, 10, 151]",TP. Hồ Chí Minh,
81,18417936165,780073103,"Camera hành trình Xiaomi 70Mai M500 quốc tế, chip Sony 5mpx/ 2,7K siêu nét, ADAS, GPS, lỗi 1 đổi 1",350000000000,41,208800000000,328,"[26, 0, 0, 0, 0, 26]",TP. Hồ Chí Minh,
82,20634644996,500345851,Camera Nội Soi Mini Dây Mềm 6 LEDS 7mm Android Type-C USB Chống Nước Có Thể Điều Chỉnh Cho Xe Hơi,7560000000,50,3780000000,34,"[8, 2, 1, 0, 1, 4]",Nước ngoài,
83,19840094644,238323920,Camera hành trình VIETCAR V8 kết nối điện thoại hoặc màn android,25000000000,15,21250000000,106,"[28, 1, 0, 1, 2, 24]",Hà Nội,
84,3910405006,3075268,Camera lùi ahd 1080p full hd cho màn hình android,29900000000,43,16900000000,726,"[173, 1, 0, 2, 2, 168]",Hà Nội,No brand
85,3172645307,35463152,Camera U5 hành trình trước sau ADAS cam GÓC RỘNG QUAY ĐÊM NÉT kết nối với đầu android,0,0,27200000000,140,"[44, 1, 1, 0, 1, 41]",Hà Nội,No brand
86,14223003804,187645888,Bộ camera lùi full phụ kiện màn hình 7inch 12v/24v xe tải,26000000000,21,20500000000,46,"[12, 0, 0, 1, 1, 10]",Đồng Nai,
87,9788605555,77067677,Camera hành trình 70mai Dash Cam M300 - Bản quốc tế,109000000000,28,88000000000,444,"[156, 0, 1, 1, 4, 150]",Hà Nội,
88,9967143325,191264266,[Bản quốc tế] Camera hành trình ô tô Xiaomi 70MAI Dash Cam LITE D08 - Bảo hành 12 tháng,180000000000,39,109000000000,29,"[12, 0, 0, 0, 0, 12]",Hà Nội,
89,6642913623,158030457,"CAMERA AHD SONY 1080Pgiám sát, camera lùi cao cấp, 1 bcamera lùi AHD SONY siêu nét, chuyên dụng cho màn DVD android ô tô",50000000000,46,26900000000,306,"[102, 4, 0, 0, 6, 92]",Hà Nội,
90,16079850544,822616743,Camera hành trình ô tô M5 dạng gương chiếu hậu màn cảm ứng 5inch FullHD Lắp đặt dễ dàng 1đổi1 trong 12Tháng,62500000000,27,46900000000,4173,"[487, 2, 1, 0, 3, 481]",Hà Nội,
91,10591683523,463832370,Camera Xe Hơi Tầm Nhìn Ban Đêm 1080P HD DVR Android 170° Camera DVR Góc Rộng,30644300000,40,19700000000,7,"[1, 0, 0, 0, 0, 1]",Nước ngoài,
92,19447321174,865589135,"Camera hành trình ô tô X10 XETABON Full HD 1080p quay đêm rõ nét, có cảnh báo va chạm phía trước bảo hành 12 tháng",167500000000,17,149075000000,741,"[28, 1, 0, 0, 0, 27]",Hà Nội,
93,16777223183,59469433,"Camera hành trình ONTEK A50,màn hình 4 inch Full HD siêu nét, Chống Rung tự động-Bảo Hành 12 Tháng",69900000000,40,41900000000,245,"[39, 2, 0, 1, 1, 35]",Hà Nội,No brand
94,21513001284,115715604,Camera Chiếu Hậu Hình Mắt Cá Nhìn Ban Đêm Góc Rộng 170 Độ Cho Xe Hơi,17520000000,40,10500000000,42,"[3, 1, 0, 0, 0, 2]",Nước ngoài,
95,4464657738,18418359,RC06 RC09 cho A500s A800s A800 camera hành trình sau rear Camera cho xiaomi 70mai dash cam BH 6 THÁNG,0,0,39100000000,151,"[58, 1, 0, 2, 2, 53]",Hà Nội,Xiaomi
96,4896924296,299252,Camera hành trình 70mai Dash Cam A800S / Pro Plus A500S bản Quốc Tế,154900000000,1,154600000000,228,"[64, 0, 2, 0, 1, 61]",Hà Nội,
97,17318888958,53355040,Camera hành trình 70mai Dash Cam Pro Plus+ A500s -1 - Phiên bản Quốc tế,239900000000,15,202900000000,188,"[81, 1, 0, 0, 1, 79]",Hà Nội,
98,6520475186,17917892,Camera Hành Trình Ô tô Xiaomi 70mai Lite Dash Cam Quốc Tế Chính Hãng Full HD,115000000000,12,109500000000,220,"[62, 2, 0, 0, 3, 57]",Hải Phòng,Xiaomi
99,5220474569,17917892,Camera Hành Trình Ô tô 70Mai M300 Quốc Tế 1296P Smart Dash Cam Xe Hơi Xiaomi 1s,95000000000,6,88900000000,83,"[31, 0, 0, 0, 1, 30]",Hải Phòng,Xiaomi
100,15712965172,500301250,"Camera hành trình ô tô A3 PLUS 1080P Cảm ứng mượt mà, dễ sử dụng, hỗ trợ tiếng Việt cho xe ô tô 12v-20v - gomhang.vn",0,0,18900000000,56,"[18, 1, 1, 2, 1, 13]",Hà Nội,
101,17527222040,53355040,Camera hành trình 70mai Rearview Dash Cam Mirror D07 - Bản quốc tế,259900000000,30,180900000000,40,"[11, 0, 0, 1, 0, 10]",Hà Nội,
102,21506147350,282050636,Thiết Bị Kết Nối USB Tự Động Thông Dụng Cho Xe Hơi / IOS Android,0,0,55070000000,16,"[5, 0, 0, 0, 0, 5]",Nước ngoài,
103,17062674552,376934776,"Camera hành trình ô tô X10 XETABON, Full HD 1080p ghi hình trước sau có kết nối điện thoại 1 đổi 1 trong 12 tháng",150000000000,1,148500000000,3422,"[222, 6, 1, 0, 3, 212]",Hà Nội,
104,21442703616,206468529,Camera Chiếu Hậu 3D AHD 1080P / 720P 25fps 360 Cho Xe Hơi,88386000000,1,87600000000,11,"[5, 0, 0, 0, 1, 4]",Nước ngoài,
105,9827958067,14012700,Camera Hành Trình Vietmap TS-2K [Kèm Thẻ 128Gb],0,0,379000000000,6,"[0, 0, 0, 0, 0, 0]",TP. Hồ Chí Minh,VietMap
106,9450490714,35463152,A500s Camera hành trình A500s 70mai có cổng cam lùi tích hợp GPS BH 12 tháng,0,0,146900000000,73,"[26, 3, 0, 0, 1, 22]",Hà Nội,No Brand
107,21601428881,607765391,"Camera Gắn Mũ Bảo Hiểm, Camera Hành Trình Xe Máy 4K Sports Ultra HD DV Chống Nước, Chống Rung, Đi Phượt, Gắn Mũ Bảo Hiểm",64500000000,37,40900000000,364,"[71, 11, 1, 2, 3, 54]",TP. Hồ Chí Minh,
108,4807388615,119249450,"Cảm biến lùi 4 mắt, cảnh báo va chạm Ô tô đủ 3 màu cơ bản đen bạc trắng",0,0,17000000000,882,"[226, 8, 3, 7, 7, 201]",Hà Nội,0
109,9770485898,417974504,"Camera hành trình Hikvision B1, mic và loa, tích hợp wifi (chính hãng)",120000000000,21,95000000000,23,"[6, 0, 0, 0, 0, 6]",Hà Nội,
110,2607114741,99552004,"Bộ màn hình đặt taplo và camera lùi 4 LED, jack AV-hoa sen, dành cho xe tải với chiều dài 5m, 12V",42000000000,10,39900000000,114,"[33, 0, 0, 2, 4, 27]",Hà Nội,No brand
111,4881122727,173997513,"[CHÍNH HÃNG] Camera 360 Ô Tô Xem 4 Cam Cùng Lúc, Màn Hình 7inch Full HD, Có Led Đi Đêm, BH 1 Năm, 1 Đổi 1 Trong 12 Tháng",49900000000,17,49900000000,89,"[28, 2, 1, 1, 2, 22]",Hà Nội,No brand
112,1076333047,14012700,[Miễn Phí Lắp Đặt] Camera Hành Trình Vietmap A50,0,0,419000000000,27,"[8, 0, 0, 0, 0, 8]",TP. Hồ Chí Minh,VietMap
113,13779632643,157008533,Đèn Hỗ Trợ Đậu Xe Siêu Sáng/6500K Chất Lượng,18059400000,54,8299900000,235,"[38, 3, 2, 0, 2, 31]",Nước ngoài,
114,13992454183,646662818,"Camera hành trình ô tô 70mai Dash A500S+ cam sau RC06 định vị GPS, bản quốc tế",237000000000,29,176200000000,376,"[201, 0, 0, 4, 3, 194]",TP. Hồ Chí Minh,
115,12197987133,297411514,Camera IP YooSee 11 LEG BAN ĐÊM CÓ MÀU 5MP Tiếng Việt Và Thẻ Nhớ Yoosee Chuyên Dụng,22500000000,13,19500000000,12710,"[127, 4, 3, 4, 12, 104]",TP. Hồ Chí Minh,
116,5132562232,208264618,Camera wifi Ezviz C6N 1080p(2M) xoay 360 - Hàng chính hãng,60000000000,20,50000000000,18395,"[4417, 25, 12, 41, 153, 4186]",Hà Nội,
117,16264315295,767481533,[Mã ELEZ50K giảm 50K] Camera WIFI trong nhà xoay 360 EZVIZ TY1 2MP/4MP hàng chính hãng.,84900000000,39,51500000000,128,"[38, 1, 0, 0, 0, 37]",Hà Nội,
118,7420252808,162631527,Camera YooSee HD720 - 3 Anten Siêu nét,25000000000,50,12500000000,125,"[42, 1, 2, 2, 1, 36]",TP. Hồ Chí Minh,No Brand
119,21949870140,297411514,"Camera Yoosee bóng đèn thế hệ mới 3.0MP - xoay 360 độ, xem đêm có màu, mẫu mới 2022 MÃ BÓNG ĐÈN",31500000000,22,24500000000,4771,"[250, 1, 5, 6, 14, 224]",TP. Hồ Chí Minh,
120,19520380610,810335152,Camera IP giám sát Arenti Laxihub P2 1080P WIFI PTZ Góc 360 ° được che phủ Hỗ trợ Alexa và Trợ lý Google Bản quốc tế,84900000000,41,49900000000,294,"[73, 2, 1, 1, 4, 65]",TP. Hồ Chí Minh,
121,18474777121,958799041,"Camera Robot Wifi giá rẻ V380 Pro, Xoay 360 Độ - Hỗ Trợ Xem Màu Ban Đêm - Phát Hiện Chuyển Động Thông Minh - BH 12Tháng",43900000000,32,29900000000,233,"[34, 0, 0, 0, 0, 34]",Hà Nội,
122,5864823579,48608792,Camera Yoosee Ban đêm có màu camera 3 râu 1080 FULL HD,30000000000,42,17500000000,7181,"[1376, 42, 12, 29, 81, 1212]",TP. Hồ Chí Minh,No Brand
123,4389123381,226704762,[Mã ELBAU5 giảm 5% tối đa 500K] Camera IP Wifi Tenda CP3/CP6/CP7 Độ phân giải 1080P/2K/4MP xoay 360°,64900000000,40,45500000000,4985,"[1330, 17, 12, 24, 61, 1216]",TP. Hồ Chí Minh,Tenda
124,9464207731,356131635,"Camera IP WIFI XOAY 360 2M 4M IMOU Ranger2 A42 A42P - A22EP Trong Nhà Còi Hú Báo Động, chính hãng, bảo hành 24 tháng",88900000000,44,49900000000,15222,"[3862, 35, 10, 28, 114, 3675]",Hà Nội,
125,14457324533,171571510,Camera Hành Trình Xiaomi 70mai M500 Phiên Bản QUỐC TẾ Độ Nét Cao Kết Nối WiFi Tiện Lợi độ phân giải 1944P,250000000000,20,199900000000,70,"[16, 0, 0, 0, 0, 16]",TP. Hồ Chí Minh,
126,8840858751,21078602,"Camera hành trình 70mai A500s Dash Cam Pro Plus+ Siêu Nét tích hợp GPS, Tốc độ Km/h",0,0,145000000000,44,"[16, 0, 0, 0, 5, 11]",Hải Phòng,Xiaomi
127,7751453935,22020379,Camera lùi xe hơi AHD 170 xi crom đánh góc lái,0,0,27000000000,228,"[79, 3, 0, 1, 4, 71]",TP. Hồ Chí Minh,No brand
128,14553802305,21078602,"Camera Hành Trình Xiaomi 70Mai M500 Dash Camera , Tích hợp GPS - Phiên Bản Quốc tế",225000000000,3,218000000000,29,"[12, 0, 0, 0, 1, 11]",Hải Phòng,
129,11968470852,335042018,Camera Hành Trình Ô Tô X008 Full HD 1296p Chống Rung Camera Trước Và Sau Oto Siêu Nét,0,0,69900000000,309,"[51, 3, 1, 1, 1, 45]",TP. Hồ Chí Minh,
130,13793132368,463832370,Camera Chiếu Hậu AHD 720P 25fps Hỗ Trợ Tầm Nhìn Ban Đêm Chống Thấm Nước Dành Cho Ô Tô,11360000000,40,9000000000,111,"[27, 2, 1, 2, 3, 19]",Nước ngoài,
131,3219942795,3075268,Camera lùi ô tô ccd hd 12 led trợ sáng ban đêm,15000000000,27,10900000000,1647,"[440, 4, 1, 11, 26, 398]",Hà Nội,
132,12788932813,290991655,Bộ Camera Lùi Xe Thông Minh Quay 170 Độ HD Có Tầm Nhìn Ban Đêm Cho Xe Hơi Android DVD,26100000000,30,18300000000,27,"[7, 0, 0, 0, 0, 7]",Nước ngoài,
133,14855350342,59469433,"Camera Hành Trình ô tô ONTEKCO V2, kết nối WIFI điện thoại và Màn Hình Android FULL HD",29900000000,37,19500000000,445,"[77, 2, 1, 1, 4, 69]",Hà Nội,No brand
134,4531775031,22020379,Bộ chuyển đổi tín hiệu tự động 2 camera cặp lề,0,0,15000000000,450,"[106, 2, 0, 3, 4, 97]",TP. Hồ Chí Minh,No brand
135,3209131991,74799240,Giá đỡ camera hành trình xe hơi giác hút chân không tiện lợi,2600000000,35,1700000000,640,"[97, 4, 0, 1, 6, 86]",Nước ngoài,
136,11837123714,329402900,Camera hành trình 70mai M300 Dash Cam 2K chính hãng chế độ quay vòng lặp,0,0,135000000000,120,"[45, 0, 0, 0, 3, 42]",Hà Nội,
137,6992817878,14012700,[Trả góp 0%]  Camera Hành Trình Vietmap G40 - cảnh báo giao thông - HÀNG CHÍNH HÃNG,0,0,399000000000,20,"[7, 0, 0, 0, 0, 7]",TP. Hồ Chí Minh,
138,18906197548,376934776,Camera Hành Trình ô tô gương chiếu hậu M5 XETABON-màn cảm ứng 5 inch Full Hd 1080P - lắp đặt dễ dàng 1đổi1 trong 1 năm,47500000000,1,47500000000,1834,"[143, 0, 0, 2, 2, 139]",Hà Nội,
139,20725883761,822616743,"Camera hành trình ô tô W4, camera wifi kết nối điện thoại, quay trước sau góc rộng siêu nét Bảo Hành 12 Tháng",124900000000,5,119900000000,1592,"[182, 0, 0, 0, 0, 182]",Hà Nội,
140,12677111537,53355040,70mai Camera Rear RC09 - Cam sau dùng cho 70mai Dash Cam,45900000000,13,39900000000,140,"[41, 0, 0, 0, 1, 40]",Hà Nội,
141,20128832203,251967117,"Camera Hành Trình K3 FULLHD 1080P - Màn Hình Phím cơ, Chống Ngược Sáng Cao - Ghi Hình Trước Sau Siêu Nét",15000000000,8,15000000000,5,"[1, 0, 0, 0, 0, 1]",Hà Nội,
142,9577623205,59469433,"Camera hành trình ONTEKCO S14 Tiếng Việt chuẩn, hình sảnh sắc nét 1080P, cam kết hoàn tiền",26900000000,27,26900000000,242,"[27, 1, 1, 0, 2, 23]",Hà Nội,No brand
143,14538290897,646662818,Camera sau 70mai RC06 dùng cho A800S A500S (Không thể sử dụng độc lập được),59700000000,26,43900000000,444,"[140, 2, 0, 3, 4, 131]",TP. Hồ Chí Minh,
144,11376951325,49961034,Camera Hành Trình USB/WIFI phiên bản V2 Wifi dùng cho xe ô tô kết nối màn hình androi - Xem trên điện thoại,47300000000,27,34500000000,165,"[37, 4, 1, 3, 2, 27]",TP. Hồ Chí Minh,
145,7982401781,178846272,Camera Trước Ô Tô Dùng Cho Màn Hình Android Qua Chân Cắm USB Độ Phân Giải AHD 1080P,0,0,56500000000,10,"[1, 0, 0, 0, 0, 1]",Hà Nội,No brand
146,9606562562,329402900,"Camera hành trình 70mai A500S cam trước quốc tế, cảm biến hình ảnh SONY IMX335, cảnh báo bằng giọng nói tự động",0,0,189000000000,53,"[23, 0, 0, 0, 0, 23]",Hà Nội,Xiaomi
147,19634655412,115715604,360° Camera Mắt Cá 3D Gắn Sau Xe Hơi AHD 1080P / 720P,0,0,99990000000,7,"[4, 1, 0, 0, 0, 3]",Nước ngoài,No Brand
148,12338866868,21078602,Cam sau 70Mai RC09 dùng cho 70mai Dash Cam A400 A500s A800s - 70mai Camera Rear RC09 Siêu Nét,45000000000,12,39500000000,18,"[5, 0, 0, 0, 0, 5]",Hải Phòng,
149,18740836186,853275892,Camera hành trình VIETMAP KC01 Pro Verson 2.0 Cảnh Báo Giao Thông - Cảm biến 2K Sony Starvis,0,0,326000000000,41,"[2, 0, 0, 0, 0, 2]",Hà Nội,
150,7764610744,18418359,Camera hành trình U6 FullHD 1080p cho màn android ô tô ADAS cam siêu nét quay đêm tốt,0,0,29900000000,184,"[57, 2, 1, 0, 4, 50]",Hà Nội,No Brand
151,19213286755,226608943,"Camera Hành Trình ô tô Full HD 1080p góc quay 170 độ, cam hành trình đủ loại",65000000000,30,49900000000,100,"[28, 0, 0, 0, 0, 28]",Hà Nội,
152,11550643460,266359740,Camera hỗ trợ đậu xe ccd chất lượng cao chuyên dụng,27600000000,50,13800000000,58,"[14, 0, 0, 2, 1, 11]",Nước ngoài,
153,20940128822,706615245,Camera Hành Trình DVR GPS WIFI 1080P HD 3 Trong 1 Thông Minh Tầm Nhìn Ban Đêm Cho Xe Hơi,80000000000,20,68000000000,10,"[6, 0, 0, 2, 0, 4]",Nước ngoài,No Brand
154,19132812595,775354178,Camera Hành Trình YUECAI Màn Hình Cảm Ứng 4 Inch HD Ống Kính Kép 1080p Hàng Nội Địa Đạt Chuẩn Châu Âu8,89500000000,49,45645000000,55,"[74, 0, 0, 1, 1, 72]",TP. Hồ Chí Minh,
155,2634094368,164933554,"Camera hành trình DVR LCD 2.5"" độ phân giải 1080P có cảm biến G và tầm nhìn ban đêm chất lượng cao",18600000000,3,18071000000,232,"[45, 7, 1, 3, 6, 28]",Nước ngoài,Bluelans
156,7359961992,329402900,"Camera hành trình 70mai Pro Plus+ A500s quay trước sau ,quốc tế chính hãng độ phân giải siêu cao 1944p",0,0,189000000000,37,"[14, 0, 0, 0, 0, 14]",Hà Nội,Xiaomi
157,16984443779,418623401,Bộ Camera Lùi Xe Hơi CCD HD Hỗ Trợ Tầm Nhìn Ban Đêm REBUY1,22840000000,42,13250000000,60,"[15, 0, 1, 0, 4, 10]",Nước ngoài,
158,2807616164,114532625,"Bộ camera 360 độ gắn màn hình ô tô, độ phân giải chuẩn AHD 1080P",0,0,780000000000,20,"[2, 0, 0, 0, 0, 2]",Hà Nội,No Brand
159,4463491875,329402900,"Camera gương hành trình 70mai D07 full HD 1080P quốc tế chính hãng, màn hình chống chói, chống lóa",0,0,289000000000,29,"[11, 0, 0, 1, 1, 9]",Hà Nội,Xiaomi
160,7356392892,73436667,Camera hành trình VIETMAP iDVR P2 cho xe ô tô - Dẫn đường Wifi kèm thẻ 32/64/128GB và SIM 4G,0,0,509000000000,14,"[9, 0, 0, 0, 1, 8]",Hà Nội,VietMap
161,8098676707,479664968,"Camera hành trình ô tô cảnh báo tốc độ Phisung K11, 4G, Wifi, 3 inch, cam lùi - Hàng Nhập Khẩu Chính Hãng",198000000000,2,194040000000,9,"[2, 0, 0, 0, 0, 2]",Hà Nội,
162,16254834049,303800658,Camera Hành Trình 1080P UHD Hỗ Trợ Tầm Nhìn Ban Đêm Cảm Biến Chuyển Động G 24Hr,60000000000,20,48000000000,21,"[3, 1, 0, 0, 1, 1]",Nước ngoài,No Brand
163,9010575175,14012700,Camera Hành Trình Webvision A18 - Video 2K - AI Quét Biển Tốc Độ - Cảnh Báo Giao Thông - Wifi - GPS,0,0,289000000000,6,"[2, 0, 0, 0, 0, 2]",TP. Hồ Chí Minh,VietMap
164,21807441849,667164735,Camera hành trình DDPai Mola N3 Pro - Độ phân giải 1600P DDPAI OFFICIAL STORE,289900000000,38,179900000000,55,"[16, 0, 0, 0, 1, 15]",TP. Hồ Chí Minh,
165,17802125452,683659627,"Camera Lề Ô Tô - Camera Cặp Lề Xe Ô Tô Tiện Lợi, Màn Hình( 4.3 Và 5 Icnh 7icnh ) LCD Rõ Nét Không Cần Khoan Gương",75000000000,21,62500000000,26,"[9, 1, 0, 0, 0, 8]",Hà Nội,
166,21515440593,11514252,"[ MÃU MỚI ] Camera Hành Trình ONTEKCO A68 quay TRƯỚC và TRONG xe , ghi hình 1080p hồng ngoại ban đêm trong xe",58900000000,0,58900000000,95,"[20, 2, 0, 0, 0, 18]",Hà Nội,
167,6851537897,304899449,"Máy quay hành trình, camera hành trình U2 full hd 1080 tích hợp màn hình android",0,0,18900000000,203,"[59, 2, 0, 3, 1, 53]",Bắc Giang,
168,4845420153,3075268,Camera lùi OLED ahd 1080p chip sony cho màn hình android ô tô,35000000000,29,25000000000,321,"[83, 2, 1, 4, 9, 67]",Hà Nội,No brand
169,4413319137,117522564,"Camera hành trình wintosee V10 hình ảnh 2k siêu nét, độ phân giải 1296p, hiển thị tốc độ, có GPS",0,0,104900000000,30,"[9, 0, 0, 1, 2, 6]",Lạng Sơn,No Brand
170,18745194222,162631527,"Camera gương hành trình - camera ô tô Phisung Z55, Android 8.1, Bluetooth 4.0, Màn hình 10 inch, Ram 2G, Rom 16G, BH 12T",322200000000,29,229500000000,10,"[4, 0, 0, 0, 0, 4]",TP. Hồ Chí Minh,
171,10493212001,401263973,Camera Lùi Xe Chống Thấm Nước HD Chất Lượng Dành Cho FORD RANGER 12-19 T6 T7 T8 XLT F350 F250 F150,0,0,58000000000,17,"[4, 0, 0, 0, 0, 4]",Nước ngoài,No Brand
172,20324835537,191113247,Camera hành trinh ô tô model U10 ghi hình kép trước sau,0,0,69900000000,4,"[2, 0, 0, 0, 0, 2]",Hà Nội,
173,14051807478,17917892,Camera sau RC06 Rear Camera RC09 dùng cho 70mai Dash Cam Pro A500s A800s Siêu Nét Chính Hãng,55000000000,29,38900000000,73,"[19, 0, 0, 0, 0, 19]",Hải Phòng,
174,17416346332,633248085,"Camera hành trình 70Mai Lite bản quốc tế, siêu quay đêm, chip SONY, góc 130 độ, full HD",180000000000,43,113000000000,586,"[35, 0, 0, 0, 0, 35]",Hà Nội,
175,20746631014,842743668,[Bảo hành 1 năm] Camera wifi mini giám sát IP V380 Pro kết nối điện thoại thông minh - camera an ninh gia đình,50000000000,36,31900000000,2834,"[292, 7, 2, 5, 4, 274]",Hà Nội,
176,1380673187,11279821,[COMBO] Camera IP YooSee 2.0 3anten 8led - kèm thẻ nhớ 32G,39900000000,50,20000000000,6540,"[1731, 50, 28, 40, 102, 1511]",Hà Nội,Yoosee
177,14049672397,347048079,"Camera Wifi IP Deli Full HD 1080P 360 Độ Chính Hãng Giám Sát An Ninh Gia Đình, Văn Phòng - Theo Dõi Chuyển Động",72000000000,48,42900000000,1985,"[594, 18, 3, 15, 37, 521]",Hà Nội,
178,6811265544,47484605,Camera Wifi 3 Râu YS-1021 An Ninh Việt Star Quốc Tế An Ninh Trong Nhà YS-1021 Xoay Theo Chuyển Động,45000000000,33,31500000000,1541,"[405, 17, 1, 8, 22, 357]",TP. Hồ Chí Minh,No brand
179,23710614241,48608792,CAMERA IP WIFI YOOSEE 11 LED  5.0Mpx Full HD New 2023  - XOAY 360 ĐỘ - THEO DÕI CHUYỂN ĐỘNG mã 3RKM,0,0,22900000000,5153,"[65, 0, 1, 4, 7, 53]",TP. Hồ Chí Minh,
180,23710614241,48608792,CAMERA IP WIFI YOOSEE 11 LED  5.0Mpx Full HD New 2023  - XOAY 360 ĐỘ - THEO DÕI CHUYỂN ĐỘNG mã 3RKM,0,0,22900000000,5153,"[65, 0, 1, 4, 7, 53]",TP. Hồ Chí Minh,
181,18474382547,958799041,"camera gắn trần nhà v380,quay toàn cảnh 360 độ full HD-CAMERA không dây an ninh,đàm thoại 2 chiều-kết nối wifi tự động",55900000000,33,37900000000,237,"[40, 0, 0, 0, 0, 40]",Hà Nội,
182,17018338493,529351798,[Mã 44DIENTU80K giảm 6% đơn 400K] Camera IMOU wifi A22EP 1080P(2M) xoay 360 độ đàm thoại 2 chiều - TRANGIATELECOM,80000000000,31,54900000000,2437,"[586, 6, 3, 3, 12, 562]",TP. Hồ Chí Minh,
183,20202797412,769078898,"[Mã BMLT100 giảm đến 100K đơn 499K] Camera WIFI trong nhà cố định góc rộng, đàm thoại 2 chiều IMOU C22SP hàng chính hãng",58900000000,32,41900000000,21,"[4, 0, 0, 0, 0, 4]",Hà Nội,
184,10076539228,226704762,[Mã ELBAU5 giảm 5% tối đa 500K] Camera Wifi Ngoài Trời Tenda CT6 Độ Phân Giải 2K - Hãng phân phối chính thức,109900000000,34,79900000000,1021,"[286, 7, 4, 7, 13, 255]",TP. Hồ Chí Minh,
185,20109198506,585862174,"[YOOSEE] Camera ngoài trời Yoosee 5.0 MPX 15 led - Gray, đàm thoại 2 chiều,chống nước,hàng chính hãng,bảo hành 12 tháng",74900000000,45,41300000000,1581,"[404, 4, 3, 13, 28, 356]",TP. Hồ Chí Minh,
186,7819616291,235508763,VIETMAP C65 - Camera Hành Trình Ô Tô Màn Hình Cảm Ứng+Thẻ 32GB - Hàng Chính Hãng,0,0,489000000000,10,"[4, 0, 0, 0, 0, 4]",Hà Nội,VIETMAP
187,10712072318,168031188,VIETMAP KC01 v.2 Camera hành trình Cảnh Báo Giao Thông ver 2.0 Cảm biến 2K Sony Starvis,345000000000,17,345000000000,77,"[33, 0, 0, 0, 0, 33]",Hà Nội,
188,6020953596,28317988,Camera hành trình ô tô T8 | BX50 trước sau full HD tích hợp 8 Đèn LED - 1080P,60000000000,35,48900000000,306,"[98, 6, 1, 3, 6, 82]",Hà Nội,No Brand
189,4744098810,49961034,Camera Hành Trình Xe Hơi Tích Hợp Màn Hình Cảm Ứng V10-A12 Có Camera Lùi Chống Nước Có Màn Hình LCD Siêu Nét 1080P,69400000000,26,51500000000,34,"[7, 1, 0, 0, 0, 6]",TP. Hồ Chí Minh,No Brand
190,15340260704,154342691,Máy quay chiếu hậu màn hình LCD 4.3 inch tiện dụng cho xe hơi,46373000000,40,27818200000,23,"[6, 0, 0, 1, 0, 5]",Nước ngoài,
191,6334432469,14012700,Camera hành trình Vietmap G40 - Ghi Hình Trước Sau - Cảnh Báo Giao Thông - ADAS - Wifi,0,0,379000000000,27,"[13, 0, 0, 0, 0, 13]",TP. Hồ Chí Minh,VietMap
192,15458527730,238323920,Camera Cặp Lề Ô Tô - Combo Màn Hình 4.3 LCD - Camera Căn Lề Không Cần Khoan Gương,64800000000,5,61560000000,34,"[8, 0, 0, 0, 1, 7]",Hà Nội,
193,11304190125,21078602,Dây kit nguồn Hardware Kit 70mai cho Camera hành trình 70mai Dash Cam,35000000000,24,26500000000,150,"[60, 1, 0, 1, 2, 56]",Hải Phòng,
194,7541333235,22020379,Camera cặp lề xe hơi AHD 361 xoay 360 độ,0,0,20000000000,284,"[68, 0, 2, 0, 3, 63]",TP. Hồ Chí Minh,No brand
195,20642940966,775163690,"Camera hành trình ô tô, Camera hành trình A6 Plus Full HD Đèn LED,ghi hình trước sau, màn hình cảm ứng,thẻ nhớ 32G",0,0,50000000000,9,"[1, 0, 0, 0, 0, 1]",Nước ngoài,No Brand
196,1257940026,18356644,Camera hành trình xe máy gồm gương gắn sẵn camera,0,0,75000000000,22,"[8, 0, 1, 0, 0, 7]",Hà Nội,
197,3067321044,14012700,[Kèm Thẻ Nhớ 128Gb] Camera Hành Trình Vietmap C61 Pro,0,0,294000000000,38,"[18, 0, 1, 0, 0, 17]",TP. Hồ Chí Minh,
198,21929763206,561259298,Camera sau 70mai RC09 - chuyên dùng cho A400 / RC06 dùng cho A800S A500S,59900000000,34,39800000000,7,"[2, 0, 0, 0, 0, 2]",TP. Hồ Chí Minh,
199,6913626110,99552004,"Camera lùi hồng ngoại cho xe tải, nguồn từ 12-24V, 18 đèn hồng ngoại, vỏ bằng hợp kim siêu bền",35000000000,22,28000000000,141,"[27, 1, 0, 0, 1, 25]",Hà Nội,No brand
200,9903611529,169537755,Camera Cặp Lề Ô Tô - ( Combo Màn Hình 4.3 LCD + Camera Căn Lề Không Cần Khoan Gương ),70000000000,12,61900000000,81,"[29, 2, 0, 1, 2, 24]",Hà Nội,No brand
201,11390951201,462125616,"Camera Hành Trình Full HD 1080P Full HD 3"" Cho Xe Hơi",37500000000,17,31125000000,5,"[2, 0, 0, 0, 0, 2]",Nước ngoài,
202,14290725233,154874805,"Camera hành trình ô tô giá rẻ full HD, cam hanh trinh mini",42000000000,50,21000000000,25,"[11, 1, 0, 1, 1, 8]",Hà Nội,
203,14691807082,343537617,Hệ Thống Cảm Biến Đỗ Xe Hơi Kèm 4 Cảm Biến Có Đèn LED Hiển Thị,30508200000,22,23726400000,24,"[11, 0, 0, 0, 0, 11]",Nước ngoài,No Brand
204,11620388590,173997513,[BH 1 Năm] Bộ Điều Khiển Rời Của Camera 360 Ô Tô Gồm [Củ Nối Dây Camera + Nút Điều Khiển Không Dây] Chính Hãng,95000000000,22,73900000000,4,"[1, 0, 0, 0, 0, 1]",Hà Nội,
205,17058758896,238323920,Camera hành trình Maxcar TL-07 đặt taplo có vietmap s1 cảnh báo tốc độ,265000000000,5,251750000000,10,"[2, 0, 0, 0, 0, 2]",Hà Nội,
206,1871351300,35463152,Cảm biến lùi tiến 8 mắt kèm màn hình LCD và mũi khoan,0,0,48500000000,138,"[46, 0, 0, 3, 1, 42]",Hà Nội,No brand
207,2093013487,73436667,Camera lùi VIETMAP 3089 cho xe ô tô bản nâng cấp 2023 - Bảo hành 12 tháng,0,0,55000000000,90,"[50, 0, 0, 1, 3, 46]",Hà Nội,No Brand
208,11417161984,126479086,Camera Hành Trình xe hơi Trước Và Sau USB Carfu X10 có wifi  tích hợp màn hình DVD Android,0,0,39000000000,28,"[13, 0, 0, 1, 0, 12]",TP. Hồ Chí Minh,NoBrand
209,16671608737,119353306,Bộ Camera Chiếu Hậu Cho Xe Mazda 3 Axela Mazda3 2014-2018,0,0,28900000000,5,"[1, 0, 0, 0, 0, 1]",Nước ngoài,
210,16419781805,59469433,"Camera Hành Trình ô tô ONTEK V2, kết nối WIFI điện thoại và Màn Hình Android FULL HD dễ cài đặt",0,0,36900000000,282,"[71, 3, 2, 3, 7, 56]",Hà Nội,No brand
211,19037002365,43343881,Camera hành trình VIETMAP TS-2K new 2022,0,0,409000000000,8,"[6, 0, 0, 0, 0, 6]",Hà Nội,
212,14871917967,43343881,Camera hành trình VIETMAP C61 PRO NEW 2022,0,0,335000000000,20,"[8, 0, 0, 0, 1, 7]",Hà Nội,
213,13992183902,107128697,"Camera lùi Maxviss cảm biến Sony siêu nét, góc rộng chống nước cao cấp",65000000000,45,35500000000,4,"[2, 0, 0, 0, 0, 2]",Hà Nội,
214,17951664796,691583428,Camera Hành Trình Full HD X008 (Trước Và Sau) 1080p,0,0,48500000000,14,"[4, 1, 0, 1, 0, 2]",TP. Hồ Chí Minh,
215,20841898636,706341401,"[SIÊU SALE] Máy quay hành trình, camera hành trình  ONTEKCO U2 full hd 1080 siêu nét app ONTEK VIEW Tiếng Việt",29900000000,40,18900000000,176,"[9, 0, 0, 0, 0, 9]",Hưng Yên,ONTEK
216,19406202752,206468529,Camera Chiếu Hậu Hình Mắt Cá Nhìn Ban Đêm Góc Rộng 170 Độ Cho Xe Hơi,19900000000,39,12100000000,8,"[0, 0, 0, 0, 0, 0]",Nước ngoài,
217,20419411826,500301250,CAMERA HÀNH TRÌNH 3 MẮT D319,0,0,49900000000,20,"[3, 0, 0, 0, 0, 3]",Hà Nội,
218,21114630978,759356478,Màn Hình TFT LCD 4.3 Inch PAL/NTSC Cho Xe Hơi,45227900000,50,22614000000,22,"[8, 0, 0, 0, 0, 8]",Nước ngoài,No Brand
219,17822314845,206468529,Camera Hành Trình DVR Với Jack 2.5mm 4 Pin Cho Xe Hơi,14067200000,26,10400000000,36,"[6, 2, 0, 0, 1, 3]",Nước ngoài,
220,9428337205,43823101,HÀNG CHÍNH HÃNG FREESHIP Camera hành trình K10 Kèm camera lùi Wifi GPS,0,0,155000000000,61,"[2, 0, 0, 0, 0, 2]",Hà Nội,
221,19343535100,319537627,"Camera hành trình 70Mai M500 là siêu phẩm hot nhất hiện nay với tính năng hiện đại, hỗ trợ lái xe an toàn",0,0,125000000000,0,"[0, 0, 0, 0, 0, 0]",Hà Nội,
222,14769995082,115715604,Camera Hành Trình Cho Xe Hơi Hỗ Trợ Tầm Nhìn Ban Đêm Kết Nối USB Android Adas 1080P,31680000000,43,18200000000,7,"[1, 0, 0, 0, 0, 1]",Nước ngoài,
223,21237175752,706615245,Camera Trước Và Sau DVR 3 Ống Kính 3 Trong 1 HD 1080P Cho Xe Tax Uber,90000000000,10,81000000000,3,"[0, 0, 0, 0, 0, 0]",Nước ngoài,No Brand
224,11617847742,19576196,"Camera hành trình hãng ONTEK S14 Tiếng Việt chuẩn, hình sảnh sắc nét 1080P, cam kết hoàn tiền",59000000000,34,38900000000,9,"[5, 0, 0, 1, 0, 4]",Hà Nội,NoBrand
225,15185965174,118753950,Camera hành trình VAVA Dash Cam 2K – Nhập Khẩu,0,0,99900000000,11,"[5, 0, 0, 0, 0, 5]",Hà Nội,
226,3648564916,22123151,Camera hành trình ô tô thương hiệu cap cấp HP f960x tích hợp Wifi GPS - Hàng Nhập Khẩu Chính Hãng,0,0,190600000000,243,"[6, 0, 0, 1, 0, 5]",Hà Nội,HP
227,21332966842,783767318,"Camera hành trình ô tô xe hơi chất lượng full HD giá rẻ, cam hanh trinh mini",41000000000,45,22550000000,5,"[1, 0, 0, 0, 0, 1]",Hà Nội,
228,6752098537,22123151,Camera hành trình 360 độ cao cấp chuẩn AHD dành cho tất cả các loại xe ô tô - Bảo Hành 18 Tháng,0,0,549000000000,143,"[2, 0, 0, 0, 0, 2]",Hà Nội,Lotusviet
229,18424044681,290991655,Camera Lùi Xe Thông Minh 2K AHD 1920x1080P HD 4 Chức Năng Hỗ Trợ CCD AHD 1080P 720P,49800000000,5,47300000000,4,"[3, 0, 0, 0, 0, 3]",Nước ngoài,
230,20744915369,311498714,Bộ phụ kiện Camera 360 Sony AHD 1080 225 cho màn hình Android liền cam,0,0,8000000000,10,"[4, 1, 0, 0, 0, 3]",Hà Nam,
231,3714197173,99552004,"Mắt camera lùi AHD, 4 chân, jack 2.5mm, Full HD 1080",29000000000,25,24000000000,102,"[28, 1, 2, 2, 2, 21]",Hà Nội,No Brand
232,17275849003,115715604,Camera Chiếu Hậu Không Dây Kết Nối WIFI HD Cho Điện Thoại IOS Và Android,45600000000,40,27360000000,12,"[3, 0, 0, 0, 0, 3]",Nước ngoài,
233,4467721197,173997513,"[Không Khoan Gương] Camera Soi Lề Trái Hoặc Lề Phải, Màn Hình 4.3 inch Nguồn Tẩu 12V, Hạn Chế Va Chạm, BH 1 Năm",75000000000,7,69800000000,110,"[25, 2, 0, 2, 2, 19]",Hà Nội,No brand
234,13875532736,651436353,Camera ô tô trước sau HQ 173 chuyển đổi AHD/CCD,0,0,26000000000,32,"[11, 1, 0, 0, 0, 10]",TP. Hồ Chí Minh,
235,19142693493,178804179,"Camera Ghi HìNh 3 ""1080P HD ChốNg NướC IP67 Cho Xe MáY",78192000000,10,70372800000,4,"[1, 0, 0, 0, 0, 1]",Nước ngoài,No Brand
236,3768766726,353651999,Camera wifi yoosee FHD 2.0Mpx Mẫu Mới Kèm Thẻ,35000000000,39,23500000000,1307,"[172, 6, 4, 8, 11, 143]",Hà Nội,No Brand
237,16867277365,769078898,Camera Wifi trong nhà xoay 360 cao cấp IMOU REX A26LP 2MP/ A46LP 4MP quét nhanh thông minh hàng chính hãng,138900000000,36,88900000000,55,"[18, 0, 0, 0, 0, 18]",Hà Nội,
238,15301588447,529351798,[Mã 44DIENTU80K giảm 6% đơn 400K] Camera wifi trong nhà Ezviz C1C-B 2MP đàm thoại 2 chiều - TRANGIATELECOM,79900000000,36,51500000000,92,"[22, 0, 0, 0, 0, 22]",TP. Hồ Chí Minh,
239,5560124565,275585897,"Camera wifi Ezviz C6N 1080p(2M , 4M) Xoay (360) - Hàng chính hãng",60000000000,25,50500000000,5366,"[1253, 10, 6, 9, 43, 1185]",Hà Nội,EZVIZ
240,5560124565,275585897,"Camera wifi Ezviz C6N 1080p(2M , 4M) Xoay (360) - Hàng chính hãng",60000000000,25,50500000000,5366,"[1253, 10, 6, 9, 43, 1185]",Hà Nội,EZVIZ
241,14489043160,347048079,"Camera Wifi IP DELI - Full HD 2M Xoay 360 Độ Giám Sát Gia Đình, Văn Phòng, Điều Khiển Từ App Kèm Thẻ Nhớ 128GB",72000000000,41,42900000000,275,"[81, 3, 1, 4, 6, 67]",Hà Nội,
242,21365592470,909180316,Camera wifi trong nhà CS-C1C-B độ phân giải full HD 2.0MP góc rộng đàm thoại 2 chiều hàng chính hãng Ezviz,55000000000,36,38500000000,986,"[71, 0, 0, 0, 0, 71]",Hải Phòng,
243,18225896543,297411514,"Camera Yoosee PTZ 5.0 MPX 15 led - Gray, đàm thoại 2 chiều, chống nước, hàng chính hãng camera wifi ptz 4 râu xám",70000000000,44,39500000000,74,"[20, 0, 0, 0, 2, 18]",TP. Hồ Chí Minh,
244,21365195953,909180316,"Camera wifi trong nhà xoay 360 Ezviz C6N TY1 2M,4M 2K đàm thoại 2 chiều có cổng Lan hàng chính hãng bảo hành 2 năm",55000000000,30,38500000000,1121,"[71, 1, 0, 0, 1, 69]",Hải Phòng,
245,8911055777,14012700,Camera Hành Trình Webvision A18 [Tặng Kèm Thẻ 128Gb],0,0,310000000000,16,"[6, 1, 0, 0, 0, 5]",TP. Hồ Chí Minh,Webvision
246,9234740975,14012700,Camera Hành Trình Vietmap KC01 CBGT - Cảnh Báo Giao Thông Bằng Giọng Nói - 2K - Sony Starvis,0,0,349000000000,19,"[6, 0, 0, 0, 0, 6]",TP. Hồ Chí Minh,VietMap
247,18622681091,667164735,Camera hành trình ô tô DDPAI Z40 GPS 1944P Chế độ đỗ xe 24h Hỗ trợ thẻ nhớ 128G Quay đêm rõ nét Bảo Hành 12 Tháng,285000000000,40,169900000000,23,"[14, 0, 1, 0, 0, 13]",TP. Hồ Chí Minh,
248,16580832522,178846272,Màn hình camera lùi AHD 5 inch,0,0,52900000000,7,"[5, 0, 0, 0, 0, 5]",Hà Nội,
249,373189244,28002255,Bộ camera và cảm biến lùi cảnh báo va chạm SENKA 2 trong 1 (Đen),0,0,29900000000,29,"[13, 0, 0, 1, 0, 12]",TP. Hồ Chí Minh,
250,13372243978,600892110,[Bản quốc tế] Camera hành trình ô tô XIAOMI 70MAI Pro Plus A500S tích hợp sẵn GPS - Bảo hành 12 tháng,190000000000,18,163500000000,27,"[9, 0, 0, 0, 0, 9]",Hà Nội,
251,21646401857,859581018,"Camera hành trình ô tô ONTEKCO KG10, Full HD 1080p gương, màn hình 10 inh, ghi hình trước sau.1 đổi 1 trong 12 tháng",0,0,178000000000,152,"[12, 1, 1, 1, 0, 9]",Hà Nội,ONTEKCO
252,4705775339,3075268,Camera hồng ngoại chống nước 100%,25000000000,4,24000000000,224,"[60, 1, 2, 2, 3, 52]",Hà Nội,No brand
253,18732278921,833842081,Asawin A5 Ống kính kép Camera hành trình cho Đầu ghi hình xe hơi Trước và sau Màn hình 3.16 Ips Fhd 1080P Cảm biến G Tầm nhìn ban đêm,77635900000,29,54900000000,28,"[16, 2, 0, 0, 2, 12]",Nước ngoài,No Brand
254,16384898221,858613655,"Camera hành trình ô tô ONTEKCO KG10, Full HD 1080p gương, màn hình 10 inh, ghi hình trước sau.1 đổi 1 trong 12 tháng",145000000000,47,89900000000,1158,"[11, 0, 0, 0, 0, 11]",Hà Nội,
255,13127157408,141300607,Camera Lùi AHD Mắt SONY 1080p Siêu Nét Cho Màn Hình Android 3G - 4G,0,0,35000000000,9,"[2, 0, 0, 0, 1, 1]",Thái Bình,
256,17300520563,206468529,Camera Chiếu Hậu Tầm Nhìn Ban Đêm Góc Rộng Cho Android Radio,19570000000,50,9785000000,52,"[6, 0, 0, 0, 0, 6]",Nước ngoài,
257,2855573148,135245010,Camera hành trình 2.5 Inch Full HD 1080P DVR tầm nhìn đêm dành cho xe ô tô,35294400000,47,18731000000,29,"[12, 0, 0, 1, 2, 9]",Nước ngoài,Bluelans
258,16973276274,767533600,[HCM] Camera lùi ô tô Xiaomi 70mai Midrive RC05,98300000000,41,58000000000,1,"[0, 0, 0, 0, 0, 0]",TP. Hồ Chí Minh,
259,17449967814,154342691,Camera Hành Trình DVR Mini 1080P HD Cổng USB Cho Android,34500000000,40,20700000000,9,"[2, 0, 0, 0, 1, 1]",Nước ngoài,
260,20100626403,617021956,"Máy ghi âm lái xe Ống kính HD Tầm nhìn ban đêm 4.0 ""1080P Full HD 24H Màn hình đỗ xe",80857100000,30,56600000000,13,"[5, 0, 0, 0, 1, 4]",Nước ngoài,
261,16584598569,8453018,Pin Xiaomi Yi Car - Pin thay thế cho Camera hành trình Xiaomi,13000000000,10,11700000000,43,"[11, 0, 0, 1, 0, 10]",Hà Nội,
262,11705758862,218932068,Bộ 2 Gương Chiếu Hậu Góc Rộng 360 Độ Cho Crownly1,2060000000,39,1250000000,7,"[5, 0, 0, 0, 0, 5]",Nước ngoài,
263,2354829593,59367109,Bộ truyền tín hiệu màn hình camera lùi 4.3 inch cho xe hơi,35000000000,29,25000000000,296,"[90, 5, 1, 3, 1, 80]",Thái Nguyên,No brand
264,9907284489,201529226,Camera Hành Trình Cho Xe Hơi Mjy5 2.2 Inch Full Hd 1080p Với 6 Chế Độ Hồng Ngoại,28000000000,35,18200000000,4,"[1, 0, 0, 0, 0, 1]",Nước ngoài,
265,6339989827,6966270,Camera hành trình U5 tích hợp dvd android ghi hình trước và sau,85000000000,20,68000000000,9,"[2, 0, 0, 0, 0, 2]",TP. Hồ Chí Minh,No brand
266,19942794756,206468529,360° Camera Chiếu Hậu Góc Rộng 1080P Thông Dụng Cho Xe Hơi,88385000000,1,87500000000,4,"[1, 0, 0, 0, 0, 1]",Nước ngoài,
267,16863508163,615301713,Camera Nấm AHD 2  chế độ ( lề + lùi),0,0,20500000000,17,"[4, 0, 0, 0, 0, 4]",Hà Nội,
268,9597272441,99552004,"Camera lùi lắp ở đuôi xe ô tô, công nghệ AHD/CVBS , nguồn 12V, độ phân giải 720P, góc quay 160 độ",35000000000,27,26000000000,12,"[2, 0, 0, 0, 0, 2]",Hà Nội,
269,16276822104,704221539,"Camera hành trình 70mai m500 xiaomi quốc tế , phân giải 1944p sắc nét , góc rộng 170 độ , điều khiển giọng nói , Gps",399000000000,48,208800000000,5,"[3, 0, 0, 0, 0, 3]",Hà Nội,
270,3103628387,14596070,"Tẩu cấp nguồn cho camera hành trình, dây dài 3.5m, có cầu chì",7500000000,36,4800000000,531,"[88, 0, 1, 1, 0, 86]",Hà Nội,No brand
271,18738949259,765282202,Camera hành trình ô tô 4taxi ống kính 360 độ ghi hình DVR 1080P hồng ngoại ban đêm siêu nét bảo hành 12 tháng,21900000000,55,9900000000,763,"[65, 0, 0, 0, 0, 65]",TP. Hồ Chí Minh,
272,18813001317,115715604,Camera HD CCD Góc Rộng Xoay Tự Động Tầm Nhìn Ban Đêm Chống Thấm Nước Tiện Dụng Cho Xe Hơi,11840000000,40,7104000000,4,"[2, 0, 0, 0, 0, 2]",Nước ngoài,
273,1664232133,28002255,COMBO Camera + màn hình Lùi Cho Xe Oto ( gồm 1 màn hình 4.3 inch + 1 camera ),0,0,34900000000,222,"[82, 0, 1, 2, 2, 77]",TP. Hồ Chí Minh,No brand
274,11613634231,417974504,Camera hành trình F6S Hikvision kèm thẻ 64GB - Tích hợp màn hình cảm ứng IPS 2 inch (chính hãng),0,0,265000000000,7,"[4, 0, 0, 0, 0, 4]",Hà Nội,
275,16900517418,306168674,"Camera hành trình DVR 1080P kết nối wifi hỗ trợ quay đêm
",50595600000,13,45706100000,13,"[6, 0, 0, 0, 0, 6]",Nước ngoài,
276,8339382624,16312645,Màn Hình Taplo 5 inch AHD sử dụng cho các loại camera AHD độ nét cao,67900000000,18,55900000000,10,"[5, 0, 0, 0, 1, 4]",Hà Nội,No brand
277,11405097871,20428136,"Bộ camera căn lề không khoan gương + Màn hình LCD 4.3 inch cắm nguồn tẩu, tự lắp đặt trong vòng 5 phút. -LaKaDo",0,0,69380000000,13,"[8, 0, 0, 0, 0, 8]",TP. Hồ Chí Minh,
278,19226503275,51897222,VIETMAP C61 PRO 2022 - Camera hành trình có cảnh báo tốc độ,0,0,299900000000,11,"[2, 0, 0, 0, 0, 2]",TP. Hồ Chí Minh,
279,1931164706,127040768,Combo Camera Cập Lề Ô Tô + Màn Hình 5inch 800*480P,0,0,80000000000,216,"[100, 0, 0, 2, 6, 92]",Hà Nội,No brand
280,9629085687,401258214,Camera hành trình A68 đa ngôn ngữ chất lượng cao cho xe ô tô,84600000000,40,51000000000,24,"[4, 1, 0, 0, 0, 3]",Nước ngoài,
281,9157882669,208007967,"Sale 60% Camera hỗ trợ ghi hình mini chất lượng 1080P có khe gắn thẻ nhớ TF ,Giá gốc 350.000 đ - 92B79",0,0,12500000000,1,"[1, 0, 0, 0, 0, 1]",Hà Nội,
282,2599689456,77619898,Camera tiến camera cặp lề gắn gương phải,0,0,25500000000,28,"[14, 2, 0, 0, 0, 12]",Bắc Giang,No brand
283,15428782243,164933554,Camera hành trình Dashcam 2.2 inch độ bền cao dễ lắp đặt cho xe ATV kèm phụ kiện,33080000000,46,17803000000,22,"[3, 0, 1, 0, 0, 2]",Nước ngoài,
284,9654855533,410957130,Màn hình LCD 7 inch cho xe hơi,96076900000,45,52558700000,27,"[7, 0, 0, 0, 0, 7]",Nước ngoài,
285,15256524667,683659627,Camera Hành Trình Ô Tô 3 Mắt Camera -  Màn Hình 4 Inh Full HD 1080 Camera Ghi Hình Đa Chiều TĂNG THE NHO 32G CARZONE.TOP,74500000000,28,54000000000,5,"[4, 0, 0, 0, 0, 4]",Hà Nội,
286,16068807943,646662818,Camera hành trình ô tô 70mai Dash Cam lite 2 Midrive D10 Tích hợp GPS 1080P fullHD Tầm nhìn ban đêm Điều khiển qua APP,219900000000,43,124900000000,123,"[48, 0, 1, 0, 2, 45]",TP. Hồ Chí Minh,
287,6014371067,73436667,Camera hành trình ô tô W8s Carcam 4K Wifi GPS nhận diện biển báo + thẻ nhớ 32/64 Class 10,0,0,219000000000,44,"[22, 0, 0, 1, 0, 21]",Hà Nội,Carcam
288,13741406919,142059682,màn hình taplo 5 inch dành cho camera lùi và cam lề,0,0,38000000000,16,"[4, 0, 1, 0, 0, 3]",TP. Hồ Chí Minh,
289,2359076703,31812189,"Màn hình gương 7 inchs ô tô, hiển thị camera lùi, camera tiến cho xe ô tô 12/24V - loại Ko cổng USB",0,0,69000000000,22,"[3, 0, 0, 0, 0, 3]",Hà Nội,No brand
290,9896416809,142059682,Camera lùi AHD với độ phân giải 1080 siêu nét + hỗ trợ hồng ngoại quay ban đêm,0,0,32000000000,18,"[9, 0, 0, 0, 0, 9]",TP. Hồ Chí Minh,
291,12081548739,53355040,Camera hành trình 70mai Dashcam Lite - Phiên bản quốc tế,125000000000,14,106900000000,114,"[39, 0, 0, 1, 0, 38]",Hà Nội,
292,14482375091,74270646,Camera Lùi Xe Tầm Nhìn Ban Đêm HD IR CCD 170° Không Thấm Nước,19496900000,31,13500000000,42,"[11, 1, 0, 0, 0, 10]",Nước ngoài,No Brand
293,20303080108,646662818,"Camera hành trình 70mai Dash Cam A800S độ phân giải 4K +cam sau RC06 bản quốc tế,bảo hành 12 tháng",434900000000,33,289900000000,79,"[31, 0, 0, 1, 2, 28]",TP. Hồ Chí Minh,
294,7161916217,175702975,"Camera hành trình ô tô Wifi, 4G đọc biển báo giao thông Phisung K11 Plus - Hàng Nhập Khẩu",0,0,247400000000,419,"[12, 0, 0, 0, 0, 12]",Hà Nội,Philips
295,11505067597,356131635,"Camera IP WIFI trong nhà xoay 360 Ezviz C6N 1080p 2M, C6N 4MP 2K chính hãng, bảo hành 24 tháng",78900000000,37,49900000000,2708,"[746, 2, 2, 5, 17, 720]",Hà Nội,
296,7545197755,190753408,{Siêu Nét}TRỌN BỘ 4 CAMERA HIKVISION 5.0MP ULTRA 2K - NÉT NHẤT HIỆN NAY - HÀNG CHÍNH HÃNG - BẢO HÀNH 2 NĂM,800000000000,39,519500000000,70,"[28, 0, 1, 0, 1, 26]",Hà Nội,HIKVISION
297,21953210477,353651999,"Camera 360 PTZ Yoosee + Tặng Thẻ 64G ( Lắp trong nhà, Ngoài trời)",50000000000,21,39500000000,109,"[40, 2, 0, 0, 4, 34]",Hà Nội,
298,22911177868,48608792,Camera Ngoài Trời PTZ MINI Xoay 360° Chống Nước YooSee Full HD 5MP 36 Led Ban Đêm Trợ Sáng Đàm Thoại 2 Chiều NT36MN,34500000000,6,32500000000,3855,"[141, 1, 2, 3, 13, 122]",TP. Hồ Chí Minh,
299,6043816994,168581444,"Camera WiFi Ngoài Trời YooSee PTZ 36 LED Mini 1080P Xoay 360, Kèm Thẻ Nhớ",20000000000,33,13500000000,78,"[26, 0, 0, 0, 2, 24]",Hà Nội,No Brand
300,2757970418,168581444,Camera IP YooSee Tiếng Việt Và Thẻ Nhớ Yoosee Chuyên Dụng,40000000000,41,23500000000,64170,"[16025, 360, 152, 369, 909, 14235]",Hà Nội,Yoosee
301,22928529304,958799041,"Camera yosee Wifi hình dạng bóng đèn xoay 360 - Có đèn Led chiếu sáng ban đêm,Đàm thoại 2 chiều,cảm biến chống trộm",10000000000,41,6000000000,268,"[26, 0, 0, 1, 0, 25]",Hà Nội,
302,4435061489,55564549,"Camera wifi 360 độ Care Cam YH200 2.0 Mpx full HD1080 chuẩn nén H265+ đàm thoại 2 chiều, kết nối Smart Home CÓ CÔNG LAN",39900000000,23,33500000000,716,"[168, 4, 0, 3, 11, 150]",TP. Hồ Chí Minh,No Brand
303,14853578144,16511872,"Camera ip WIFI Yoosee Bóng Đèn 8 LED thế hệ mới 3.0MP - xoay 360 độ, xem đêm có màu, mẫu mới 2022",25000000000,50,20500000000,3040,"[800, 21, 5, 13, 71, 690]",TP. Hồ Chí Minh,
304,2849350336,11279821,Camera IP YooSee thế hệ mới siêu nét - FHD GW05,26900000000,28,22900000000,3105,"[910, 38, 20, 32, 91, 729]",Hà Nội,No Brand
305,11062158946,240599339,android box oto cho màn theo xe các hãng có hỗ trợ carplay 4+64g chip 8 nhân,0,0,120000000000,119,"[30, 0, 0, 0, 0, 30]",Hà Nội,
306,20324782293,729719775,Camera hành trình - Camera chống nước 4k Sports Ultra HD -  Hình ảnh 4K cực tốt - Bền bỉ - BẢO HÀNH 12 THÁNG,70000000000,41,41500000000,28,"[10, 0, 1, 2, 1, 6]",Hà Nội,
307,4569303063,6480592,Camera Cặp Lề Ô Tô - Combo Màn Hình LCD - Camera Căn Lề Không Cần Khoan Gương - Carzone,80000000000,23,69000000000,243,"[84, 4, 2, 0, 3, 75]",Hà Nội,
308,14781874581,759356478,Camera Lùi Xe 4 LED / 8 LED / Hồng Ngoại 120 Độ HD Hỗ Trợ Đỗ Xe Tầm Nhìn Ban Đêm,12884700000,50,7263900000,115,"[20, 1, 0, 2, 2, 15]",Nước ngoài,No Brand
309,7605958082,3075268,Camera hành trình ô tô GS30W xem video trên điện thoại và màn hình android,50000000000,20,40000000000,448,"[157, 0, 0, 3, 5, 149]",Hà Nội,No brand
310,7340429147,24917393,"Camera quản lý, hành trình xe khách",0,0,100000000,0,"[0, 0, 0, 0, 0, 0]",Nghệ An,No brand
311,18742810653,765282202,"Camera lùi AHD độ phân giải Full HD 720p tích hợp màn hình android, kết nối dễ dàng",3900000000,77,900000000,4,"[1, 1, 0, 0, 0, 0]",TP. Hồ Chí Minh,
312,3643520696,19874119,"Camera căn lề, camera cạp lề phải, loại dán gương, chống nước",0,0,29900000000,74,"[21, 2, 0, 0, 1, 18]",Hà Nội,No brand
313,5442791194,253605091,"Camera hành trình gương chiếu hậu (4.3inch) full HD, Kèm camera lùi",28000000000,14,28000000000,174,"[35, 5, 2, 3, 0, 25]",TP. Hồ Chí Minh,No Brand
314,2154358566,84474001,Bộ chia 4 màn hình camera cho Ô tô,0,0,65000000000,33,"[10, 0, 0, 0, 1, 9]",Bắc Giang,No brand
315,19324287577,154342691,360° Camera AHD 1080P Trước / Sau / Trái / Phải 360 Toàn Cảnh Cho Xe Hơi,99900000000,1,98900000000,7,"[4, 0, 0, 1, 0, 3]",Nước ngoài,
316,14558049608,238323920,"Camera hành trình android J11 lắp sim 4g, xem youtobe,bản đồ chỉ đường, kết nối điện thoại, định vị gps",216000000000,5,205200000000,16,"[3, 0, 1, 0, 0, 2]",Hà Nội,
317,1516019658,14012700,Camera Hành Trình Vietmap C9,0,0,210700000000,8,"[2, 0, 0, 0, 0, 2]",TP. Hồ Chí Minh,
318,21046412124,345363894,Camera Hành Trình Tich Hợp Màn Android X9 cắm cổng USB FULL HD 1080 phân phối  độc quyền tại DC AUTO,35000000000,4,34900000000,48,"[27, 0, 0, 0, 0, 27]",Hà Nội,
319,6700726438,74270646,Dây điện nối đầu cắm với lỗ cắm 4 chấu truyền tín hiệu cho camera chiếu hậu của xe hơi,3400000000,29,2400000000,178,"[37, 1, 2, 0, 0, 34]",Nước ngoài,
320,2759550523,49113836,Camera Hành Trình Wifi 1080p Full HD Dành Cho Ô Tô Cao Cấp FC106T,74200000000,23,57134000000,7,"[3, 0, 0, 0, 0, 3]",Hà Nội,No brand
321,9490556606,340928935,Camera hành trình 1080P Dvr chống nước 2 inch tiện dụng cho xe máy,0,0,85000000000,9,"[4, 0, 0, 0, 0, 4]",Nước ngoài,
322,16451384323,447713712,Camera trước hành trình 4 inch ips cảm ứng 3 ống kính cho ô tô,100000000000,22,77900000000,1,"[0, 0, 0, 0, 0, 0]",Nước ngoài,No Brand
323,7386960577,178846272,"Camera Lùi 4 Chân, Camera Lùi 5 Chân AHD, Dùng Với Camera Hành Trình Gương",33500000000,7,32500000000,30,"[7, 1, 1, 0, 0, 5]",Hà Nội,No brand
324,2067918492,55564549,Camera hành trình ô tô chất lượng 5 mega pixels,0,0,69900000000,46,"[21, 0, 0, 1, 3, 17]",TP. Hồ Chí Minh,No brand
325,11573700868,596649660,"(Hàng trưng bày) Camera hành trình VIETMAP Model C6, độ phân giải full HD, góc quay 170 độ",0,0,160000000000,2,"[0, 0, 0, 0, 0, 0]",Hà Nội,
326,19948833443,811281344,"camera hành trình ô tô X004 Full HD 1080p - góc quay 170 độ , cảm biến chuyển động , dễ sử dụng",45000000000,16,42000000000,42,"[12, 1, 1, 1, 1, 8]",Hà Nội,
327,16616226077,130902394,Camera Chiếu Hậu Cho Xe Hơi Xiaomi 70mai 70 mai IPX7,0,0,41900000000,2,"[0, 0, 0, 0, 0, 0]",Nước ngoài,
328,14365258792,706615245,Camera Hành Trình Dvr FHD 1080P WIFI&APP Dành Cho Ô Tô,90000000000,10,81000000000,4,"[1, 1, 0, 0, 0, 0]",Nước ngoài,No Brand
329,8620520583,93193644,Camera hành trình ô tô 70MAI Pro Plus A500s Bản Quốc tế tiếng Anh chuẩn 2K  - Minh Tín Shop,0,0,159900000000,4,"[1, 0, 0, 0, 0, 1]",Hà Nội,70mai
330,11384633071,615301713,Cam lùi nấm AHD sony 1080p 3 chế độ ( lề - lùi- ccd),0,0,23500000000,34,"[6, 0, 0, 0, 0, 6]",Hà Nội,
331,17315423026,447713712,"Camera hành trình ô tô Phía Sau  Trong 1 HD 3 ""Cảm Biến G-sensor Dashcam",67500000000,32,53400000000,22,"[9, 0, 0, 0, 1, 8]",Nước ngoài,No Brand
332,5561811110,77619898,Camera tiến camera cặp lề gắn gương phải hoặc trái UFO 720P,0,0,24900000000,8,"[4, 0, 0, 0, 0, 4]",Bắc Giang,
333,16142400256,43343881,Camera hành trình vietmap KC01 PRO 2022,0,0,359000000000,7,"[2, 0, 0, 0, 0, 2]",Hà Nội,
334,6965001849,178846272,Camera cặp lề màn hình 7 inch 2 mắt cam trái phải,0,0,176000000000,3,"[1, 0, 0, 0, 0, 1]",Hà Nội,No brand
335,19947461954,662082869,Màn test camera 7inch cảm ứng phím chức năng - Để được trên ô tô,92000000000,8,84500000000,8,"[3, 0, 0, 0, 0, 3]",Hà Nội,
336,2329506610,46898496,"Camera tiến, camera gương, camera cạp lề dùng để quan sát điểm mù của xe ô tô",0,0,25000000000,4,"[2, 0, 0, 0, 0, 2]",Hà Nội,No brand
337,13410960806,289688291,Camera Sau Không Thấm Nước,7428000000,27,5440000000,35,"[11, 0, 1, 1, 0, 9]",Nước ngoài,
338,15459277287,96537614,Vietmap G40 - Cảnh báo giao thông bằng giọng nói - Camera hành trình ô tô ghi hình trước sau  - Hàng chính hãng,0,0,439000000000,23,"[6, 0, 0, 1, 1, 4]",TP. Hồ Chí Minh,
339,11287315882,615301713,cam hành trình U5 trước và sau tích hợp androi,0,0,65000000000,38,"[8, 1, 0, 0, 0, 7]",Hà Nội,
340,16735581297,115715604,Camera Chiếu Hậu Không Dây HD Kết Nối Wifi Với Chức Năng Ghi Hình Cho Điện Thoại IOS Iphone Android,57550000000,40,34530000000,1,"[0, 0, 0, 0, 0, 0]",Nước ngoài,
341,16737345009,282548111,⚡Khuyến mại⚡U6 Car Camera 1080P WIFI DVR Dash-Cam Video Recorder Camcorder Night Vision Recorder Video Recording Dash Camera,40200000000,48,20800000000,25,"[11, 0, 0, 1, 1, 9]",Nước ngoài,
342,15866747693,223167372,Camera Hành Trình Ô Tô Xiaomi 70mai A500s Bản Quốc Tế - Bảo Hành 1 Đổi 1 Trong 12 Tháng,220000000000,27,159900000000,56,"[13, 1, 0, 0, 0, 12]",Đà Nẵng,
343,6302868293,178846272,Camera lùi hồng ngoại 12 mắt hỗ trợ quay đêm rõ nét,0,0,14900000000,20,"[7, 0, 0, 1, 0, 6]",Hà Nội,No brand
344,2298744644,299252,"Camera hành trình cho ô tô QCT , Ghi Hình Cả Trước Và Sau, Có Wifi, Tích hợp GPS hiển thị",110000000000,39,89900000000,40,"[15, 1, 0, 1, 0, 13]",Hà Nội,No Brand
345,21943514954,319537627,Cam sau RC06 Rear Camera dùng cho 70mai Dash Cam A800,0,0,33000000000,0,"[0, 0, 0, 0, 0, 0]",Hà Nội,
346,1296275127,73436667,Camera hành trình Vietmap A50 cho xe ô tô có dẫn đường + thẻ nhớ 32GB Class 10,0,0,389000000000,10,"[5, 0, 0, 0, 0, 5]",Hà Nội,VietMap
347,19912734979,765282202,"Camera hành trình ô tô W4 quay trước sau góc rộng siêu nét, dễ dàng lắp đặt, kết nối điện thoại bảo hành 12 tháng",28000000000,97,900000000,1096,"[103, 0, 0, 0, 0, 103]",TP. Hồ Chí Minh,
348,2830862609,34417430,Tẩu cấp nguồn cho camera hành trình,7900000000,43,4500000000,216,"[26, 0, 0, 0, 0, 26]",Hà Nội,No brand
349,17360176602,206468529,Máy Quay Hành Trình Cho Xe Hơi Hỗ Trợ Quay Đêm 1080P,19900000000,39,12100000000,5,"[1, 0, 0, 0, 0, 1]",Nước ngoài,
350,3703391924,73436667,Camera hành trình HP F960x cho xe hơi + KM 32GB class 10,0,0,189000000000,39,"[14, 0, 0, 1, 0, 13]",Hà Nội,HP
351,5871047535,11514252,"Camera lùi ONTEKCO lắp cho camera hành trình, jack 2.5, 5 chân loại 4 led, dây tín hiệu dài 5,5m/ 10m",12000000000,34,7900000000,291,"[93, 4, 2, 5, 7, 75]",Hà Nội,NoBrand
352,15678444264,500301250,"Camera hành trình 70Mai M500 là siêu phẩm hot nhất hiện nay với tính năng hiện đại, hỗ trợ lái xe an toàn.",0,0,195900000000,4,"[3, 0, 0, 0, 0, 3]",Hà Nội,
353,17327228232,53355040,Camera lùi 70mai RC05 sử dụng cho 70mai Dash Cam D07,0,0,59900000000,57,"[13, 0, 0, 1, 0, 12]",Hà Nội,
354,6239352022,238323920,Camera lùi 4 mắt hồng ngoại,25000000000,2,24500000000,3,"[1, 0, 0, 0, 0, 1]",Hà Nội,No brand
355,21548709973,375324319,"Camera bóng đèn Yoosee kết nối wifi, cắm điện trực tiếp không cần dây, 3.0mpx, xoay 360 độ, bảo hành 12 tháng",49900000000,50,34000000000,121,"[13, 1, 0, 0, 0, 12]",TP. Hồ Chí Minh,
356,21878158205,966704857,FullHD 1080p cho màn android ô tô ADAS cam siêu nét quay đêm tốt USB Camera hành trình ô tô K8,29800000000,10,26820000000,0,"[0, 0, 0, 0, 0, 0]",Lào Cai,
357,21462316940,890425121,Lenovo trong nhà camera ngoài trời wifi 360 quan sát IP 5g giám sát Tầm nhìn ban đêm đủ màu Các cuộc gọi thoại theo dõi tự động phát hiện chuyển động,19880000000,45,11000000000,82,"[45, 2, 0, 0, 1, 42]",Nước ngoài,No Brand
358,3891770892,356131635,"Camera WIFI trong nhà IMOU C22SP/C22EP/C22FP 1080p cố định, góc rộng, đàm thoại 2 chiều, chính hãng, bảo hành 24 tháng",58900000000,35,40900000000,804,"[198, 1, 0, 1, 4, 192]",Hà Nội,
359,23829891216,953825183,Camera wifi ngoài trời YooSee Full HD D16  5MP 16 Led Ban Đêm  PTZ MINI Xoay 360° Chống Nước Trợ Sáng Đàm Thoại 2 Chiều,58000000000,48,35000000000,383,"[112, 0, 0, 0, 2, 110]",TP. Hồ Chí Minh,
360,12042192647,442849711,camera lùi Sony HD(ccd) 1080p (1511),0,0,21500000000,38,"[13, 0, 0, 0, 0, 13]",Hà Nội,
361,10620398871,345363894,Camera Lùi Cánh Bướm AHD Sony 720p Lắp DVD Android Ô Tô,28000000000,29,19900000000,128,"[45, 0, 0, 0, 1, 44]",Hà Nội,No Brand
362,12959314339,187645888,bộ camera lùi màn hình 7 inch dây 6/10m đủ phụ kiện,74200000000,1,73400000000,15,"[7, 0, 0, 0, 0, 7]",Đồng Nai,
363,1445954000,79056336,"Camera hành trình a8,camera ô tô full hd-vds shop",0,0,100000000000,4,"[0, 0, 0, 0, 0, 0]",Hà Nội,No Brand
364,2553994968,99552004,"Camera cặp lề, camera căn lề phải, độ phân giải 650TVLine, chống nước",26000000000,44,14500000000,179,"[60, 1, 0, 0, 2, 57]",Hà Nội,No Brand
365,6488596532,439771007,Giá đỡ camera hành trình ô tô và camera loại chân hít,2500000000,40,1500000000,617,"[83, 3, 0, 4, 5, 71]",Hà Nội,
366,13896635009,869015058,Camera Lùi Xe CCD Với 12 Bóng Đèn Led Hỗ Trợ Quay Ban Đêm Cho Xe Hơi,12480000000,25,9360000000,10,"[1, 0, 0, 0, 0, 1]",Nước ngoài,
367,11300101483,182097617,"Nhớt Fuchs Silkolene Pro 4 10W40 4L (Hộp 4 Lít) - Nhập Khẩu UK - Nhớt tổng hợp exciter , raider , winner ...",110000000000,14,95000000000,47,"[18, 1, 0, 0, 0, 17]",TP. Hồ Chí Minh,No brand
368,9767542297,169537755,Camera Hành Trình Ô Tô 3 Mắt DVR 4 inch fullHD 1080p - Camera Hành Trình Ô Tô Sau Chống Nước,79000000000,37,49900000000,17,"[10, 1, 2, 0, 0, 7]",Hà Nội,
369,8255569873,442849711,Camera hành trình tích hợp màn adroi U2,0,0,25000000000,12,"[4, 0, 0, 0, 0, 4]",Hà Nội,No brand
370,6222654581,168568354,Camera Lùi Xe Dành Cho Ô Tô,0,0,11000000000,74,"[4, 0, 0, 0, 0, 4]",Hà Nội,No brand
371,16274068352,570719678,"Camera hành trình Xiaomi 70mai A500s quốc tế, phân giải 2K, cảm biến Sony, cảnh báo va chạm, lệch làn, GPS, quay đêm",300000000000,44,171500000000,54,"[2, 0, 0, 0, 0, 2]",Hà Nội,
372,13429056280,545075365,Camera chiếu hậu độ phân giải 1080 PD cỡ 10inch tiện dụng khi đỗ xe hơi,96578600000,5,91749700000,37,"[13, 0, 0, 3, 0, 10]",Nước ngoài,
373,10060235191,479664968,Camera Hành Trình X10 full màn 10 inch,140000000000,10,126000000000,8,"[3, 0, 0, 0, 0, 3]",Hà Nội,
374,16651665122,691583428,Camera Hành Trình X004 ( Camera Trước Và Sau ),0,0,41500000000,5,"[1, 0, 0, 0, 0, 1]",TP. Hồ Chí Minh,
375,20633050458,311498714,Bộ phụ kiện mắt camera 360° Sony Full HD 1080 cho mọi màn hình Android liền cam 360,0,0,38000000000,4,"[0, 0, 0, 0, 0, 0]",Hà Nam,No brand
376,10296745699,570719678,Camera Hành Trình Ô Tô Xiaomi 70mai M300 Độ Phân Giải 2304 x 1296P - Bảo Hành 12 tháng - Lỗi 1 đổi 1,170000000000,38,105000000000,351,"[21, 0, 0, 0, 0, 21]",Hà Nội,
377,13850990398,27584142,Camera lùi ô tô AHD cho màn hình Android góc rộng siêu nét,0,0,12900000000,239,"[49, 0, 0, 5, 2, 42]",TP. Hồ Chí Minh,
378,18134543286,833842081,Asawin T3 Camera hành trình 3 kênh Camera ô tô 3 cách Phía trước và phía sau bên trong 3 Camera Giám sát ô tô Fhd 1080P+1080P+480P cho xe tắc xi Uber,92400700000,5,87900000000,11,"[5, 0, 0, 0, 0, 5]",Nước ngoài,No Brand
379,21513285903,22020379,Camera lùi ô tô HQ143 đa chức năng chuyển đổi AHD/CCD,0,0,22000000000,19,"[4, 0, 0, 0, 0, 4]",TP. Hồ Chí Minh,
380,12374065050,122210021,Dây nguồn dùng cho camera hành trình cắm tẩu Mini USB ô tô PS204,0,0,12200000000,6,"[2, 0, 0, 0, 0, 2]",Hà Nội,
381,4107440411,99552004,"Camera lùi hông ngoại, 8 hồng ngoại, 4-5 chân, jack 2.5mm, dây tín hiệu 5 -10 mét",19900000000,25,14900000000,102,"[31, 1, 1, 0, 2, 27]",Hà Nội,
382,10958404971,80831555,"Camera Lùi AHD  Vạch Cong Theo Góc Đánh Lái, Cam De AHD 170 Độ đánh lái theo vô lăng(Chỉ Dùng Cho Màn Hình Android)",0,0,39900000000,16,"[5, 0, 0, 1, 0, 4]",Hải Phòng,
383,2871813273,96914123,Giá đỡ camera hành trình gắn trên xe hơi thiết kế tiện dụng,2000000000,20,1600000000,1979,"[468, 8, 1, 11, 19, 429]",Nước ngoài,
384,14568693462,154342691,12v 170° Camera Quan Sát Phía Sau Góc Rộng Không Dây Kết Nối WiFi Cho Xe Hơi,57200000000,40,34320000000,3,"[1, 0, 0, 0, 0, 1]",Nước ngoài,
385,8360053802,115508276,{HOT SALE} Màn test camera 7inch,0,0,85000000000,9,"[0, 0, 0, 0, 0, 0]",TP. Hồ Chí Minh,
386,3488682207,439735202,Giá đỡ camera hành trình ô tô và camera chân dạng hít,2500000000,42,1450000000,49,"[4, 0, 0, 0, 1, 3]",Hà Nội,
387,18331668794,96537614,Camera hành trình Vietmap TS-2K kèm sạc ACC - Cảnh báo giao thông bằng giọng nói ghi hình trước sau  - Hàng chính hãng,0,0,539000000000,12,"[0, 0, 0, 0, 0, 0]",TP. Hồ Chí Minh,
388,11385729503,269217388,Giá Đỡ Camera Hành Trình Xiaomi DVR 70 Phút Gắn Gương Chiếu Hậu Cho Xe Hơi,5792000000,22,4499900000,14,"[5, 0, 0, 0, 1, 4]",Nước ngoài,No Brand
389,8972832356,22020379,Camera ô tô HQ169 đa chức năng chuyển đổi AHD/CCD,0,0,26000000000,79,"[14, 0, 0, 0, 0, 14]",TP. Hồ Chí Minh,
390,5658642677,46898496,"Camera lùi Ô tô, Camera lùi Chip CCD mạ crom siêu nét, chuyên hiển thị điểm mù sau xe hơi 12V",0,0,28000000000,8,"[3, 0, 0, 0, 0, 3]",Hà Nội,No brand
391,15583064063,156416074,Bảng Số Điện Thoại Đỗ Xe Hơi Tạm Thời Kèm Đèn Led Chất Lượng Cao,3600000000,17,2999900000,7,"[2, 0, 1, 0, 0, 1]",Nước ngoài,
392,4867285192,178846272,Cam Lùi 4 Chân Độ Phân Giải 1080P Jack 2.5mm Kết Nối Cam Hành Trình Gương,0,0,25900000000,50,"[14, 0, 0, 0, 0, 14]",Hà Nội,No brand
393,12140567933,59469433,"Camera ô tô chính hãng ONTEK Việt Nam model S18 màn hình 4 inh, chuẩn Full HD",89900000000,45,49500000000,15,"[3, 0, 0, 0, 0, 3]",Hà Nội,
394,17963996530,135245163,Camera Quan Sát Phía Trước Chống Thấm Nước Cho Xe Hơi,23330200000,46,12657000000,3,"[0, 0, 0, 0, 0, 0]",Nước ngoài,No Brand
395,21746602906,73436667,Camera lùi hồng ngoại VIETMAP 3089H (bản nâng cấp mới 2023) cho xe hơi,0,0,75000000000,54,"[8, 1, 0, 0, 0, 7]",Hà Nội,
396,11292199337,561259298,Camera hành trình  70mai Smart Dash Cam 1S D06 Phiên Bản quốc tế Điều khiển qua App và giọng nói 1080P,129900000000,31,89900000000,13,"[3, 0, 0, 0, 0, 3]",TP. Hồ Chí Minh,
397,5841899958,277895555,"Camera gương, camera cạp lề cho xe ô tô",0,0,22000000000,10,"[0, 0, 0, 0, 0, 0]",Hà Nội,No brand
398,18132637940,376934776,"Camera hành trình ô tô K4 XETABON Full HD kèm thẻ nhớ 32GB quay đêm rõ nét,màn hình cảm ứng, quay đêm rõ nét, BảoXETABON",85000000000,17,75000000000,101,"[12, 0, 0, 0, 0, 12]",Hà Nội,
399,14834806214,96537614,Vietmap C9 - Camera hành trình Full HD góc rộng 170° - Hàng chính hãng,0,0,229000000000,8,"[2, 0, 0, 0, 0, 2]",TP. Hồ Chí Minh,
400,6359088303,22020379,Camera lùi ô tô xi mạ crom 8 LED,0,0,18000000000,23,"[5, 0, 0, 0, 0, 5]",TP. Hồ Chí Minh,
401,5501043605,178846272,"Dây camera lùi ô tô 5 chân dài 6m,10m,15m kết nối với camera hành trình bằng jack 2.5mm",3900000000,8,3600000000,76,"[18, 1, 0, 0, 0, 17]",Hà Nội,No brand
402,21219155580,765282202,"Camera hành trình ô tô K10 full HD 1080p kết nối điện thoại, định vị GPS, ghi hình trước sau sắc nét bảo hành 12 tháng",33900000000,97,900000000,682,"[56, 0, 0, 0, 0, 56]",TP. Hồ Chí Minh,
403,11923837383,71263200,"Camera Gương, Camera Cạp Lề Sử Dụng Hiển Thị Điểm Mù Xe Hơi.",0,0,23000000000,7,"[0, 0, 0, 0, 0, 0]",Hà Nam,NoBrand
404,8372875887,99552004,"Bộ camera lùi chuyên dụng cho xe nâng, máy ủi, máy xúc, xe tải, màn hình 7 inch AHD, camera lùi dùng điện 12 - 24V",140000000000,34,103000000000,6,"[1, 0, 0, 0, 0, 1]",Hà Nội,
405,2546725471,99552004,"Camera cặp lề, camera căn lề phải, xoay 360 độ, chống nước, độ phân giải 650 TV Line",35000000000,43,19900000000,94,"[35, 0, 1, 1, 1, 32]",Hà Nội,
406,9453765435,439687527,Giá đỡ camera hành trình ô tô và camera dạng hít,2500000000,42,1450000000,597,"[98, 1, 0, 1, 7, 89]",Hà Nội,
407,17074208365,131720381,Camera Chiếu Hậu Chất Lượng Cao Cho Xe Hơi Ford Transit,22200000000,21,17600000000,10,"[4, 0, 0, 0, 0, 4]",Nước ngoài,
408,2105142783,35463152,Camera lùi nấm CCD thẩm mỹ xe hơi ô tô HD hình nấm có thang chia vạch thông minh,0,0,12600000000,140,"[37, 4, 0, 1, 3, 29]",Hà Nội,No brand
409,4963776127,99552004,"Camera cặp lề cho màn hình android, góc quay siêu rộng, siêu rõ nét, độ phân giải HD 720p - 1280x720, 360",75000000000,32,51000000000,5,"[2, 0, 0, 0, 0, 2]",Hà Nội,No Brand
410,1361285268,31861340,Combo 2 miếng dán chống bám nước cho gương chiếu hậu,2500000000,40,1500000000,1084,"[327, 3, 3, 5, 14, 302]",Ninh Bình,No brand
411,5160769702,95745903,Set 4 Nắp Chụp Mâm Bánh Xe 60mm Cho Ford 2020,17829100000,10,16046200000,15,"[0, 0, 0, 0, 0, 0]",Nước ngoài,
412,18417680901,775951608,Camera Hành Trình ô tô AUKEY DRA1 1080P FHD cảm biến cảnh báo va chạm/ chệch làn đường hỗ trợ GPS/ ghi âm ban đêm,99900000000,38,62000000000,22,"[11, 0, 0, 0, 1, 10]",Hà Nội,
413,7545113245,82328273,"Màn hình hiển thị camera cặp lề, camera lùi",0,0,45000000000,4,"[1, 0, 0, 0, 0, 1]",TP. Hồ Chí Minh,No brand
414,9220795758,99552004,"Camera cặp lề AHD, độ phân giải HD-720P, không cần khoan gương| Lắp được cả màn TFT và AHD, CCD",65000000000,39,39900000000,20,"[5, 0, 0, 0, 0, 5]",Hà Nội,No brand
415,12683808775,279844729,"Camera ghi hình trước và sau cho xe hơi 1080P
",0,0,99000000000,3,"[0, 0, 0, 0, 0, 0]",Nước ngoài,
416,2563881101,135245218,Giá đỡ camera có cốc hút chân không gắn kính chắn gió dành cho xe hơi,3200000000,14,2768000000,61,"[10, 0, 0, 0, 2, 8]",Nước ngoài,Bluelans
417,16642213746,561305325,Camera hành trình 70mai Dash Cam 70MAI 1S D06 Điều khiển qua App và giọng nói Góc quay rộng 130° 1080P,129800000000,32,88900000000,3,"[1, 0, 0, 0, 0, 1]",TP. Hồ Chí Minh,
418,13861182401,22020379,Camera lùi xe hơi AHD 4K Aurora,0,0,15000000000,8,"[3, 0, 0, 0, 0, 3]",TP. Hồ Chí Minh,
419,16331803990,279844729,"Camera chiếu hậu 360 độ cho xe hơi
",30000000000,34,19700000000,9,"[1, 0, 0, 0, 1, 0]",Nước ngoài,
