,shop_id,shop_name,rating_bad,rating_good,rating_normal,rating_star,place,create_time
0,55564549,tronghoa250295,728,26314,948,4.755952,"Quận Gò Vấp, TP. Hồ Chí Minh",1517849618
1,816505872,fnkvision_2,82,4458,159,4.77698,"Quận Bình Tân, TP. Hồ Chí Minh",1657620239
2,816505872,fnkvision_2,82,4458,159,4.77698,"Quận Bình Tân, TP. Hồ Chí Minh",1657620239
3,816490879,fnkvision_1,34,2287,80,4.787707,"Quận Bình Tân, TP. Hồ Chí Minh",1657618567
4,816505872,fnkvision_2,82,4458,159,4.77698,"Quận Bình Tân, TP. Hồ Chí Minh",1657620239
5,17614607,mei1810,60,1948,85,4.731634,"Quận Bình Tân, TP. Hồ Chí Minh",1488773100
6,902638815,loey1.vn,19,39,10,3.41791,,1668497507
7,11279821,camerayoosee,1680,58206,2125,4.752559,"Quận Hà Đông, Hà Nội",1476941908
8,190753408,tongkhocongngheso.top1,109,16146,246,4.906938,"Quận Cầu Giấy, Hà Nội",1571742769
9,887216384,living.comfort.store.vn,3,66,4,4.638889,,1666322634
10,24625047,tplink_officialstore,240,26758,483,4.892177,"Quận Tân Phú, TP. Hồ Chí Minh",1496802869
11,633248085,giadinhstore6868,46,5248,73,4.879681,"Quận Hoàng Mai, Hà Nội",1640168195
12,48332059,jncamerashop,24,1279,41,4.791667,"Quận Đống Đa, Hà Nội",1513354864
13,156707818,si24h,382,13025,457,4.753356,"Huyện Hóc Môn, TP. Hồ Chí Minh",1561012199
14,634754185,senniko_official_store_vietnam,175,6908,218,4.769756,"Quận Nam Từ Liêm, Hà Nội",1640312832
15,1754914,shopeevn,9227,728116,6365,4.921732,"Quận 3, TP. Hồ Chí Minh",1447741280
16,21078602,trumcongnghe,268,17752,368,4.847441,"Quận Ngô Quyền, Hải Phòng",1493179370
17,11514252,thegioiaudio.ontekco,887,23329,918,4.681337,"Huyện Thanh Trì, Hà Nội",1477456368
18,154130071,phukienotogiatot,63,3830,109,4.810572,"Quận Bắc Từ Liêm, Hà Nội",1560049524
19,780073103,saigonhometech,31,4505,46,4.892776,"Quận Tân Bình, TP. Hồ Chí Minh",1653531522
20,19576196,ontek_dashcam,86,2710,112,4.732799,"Huyện Thanh Trì, Hà Nội",1491226775
21,746276855,shopdoxeoto,4,447,20,4.812766,"Huyện Thanh Oai, Hà Nội",1649816599
22,646662818,officialstore70mai,40,6096,65,4.910938,"Quận Bình Tân, TP. Hồ Chí Minh",1641376519
23,679380758,thieugiashop8888,4,908,18,4.903654,"Quận Long Biên, Hà Nội",1644150605
24,13101724,2techstorevn,62,903,60,4.558794,"Huyện Thanh Trì, Hà Nội",1480512682
25,646662818,officialstore70mai,40,6096,65,4.910938,"Quận Bình Tân, TP. Hồ Chí Minh",1641376519
26,759356478,sagetechnology.vn,37,819,45,4.631458,,1651136683
27,251967117,phukienotocarstore98,33,2960,85,4.841571,"Quận Bắc Từ Liêm, Hà Nội",1587352684
28,17917892,tcar.pro,23,2574,52,4.869919,"Quận Hải An, Hải Phòng",1489135076
29,489946605,giadungbeesmart,25,2828,36,4.880123,"Quận Hà Đông, Hà Nội",1626317203
30,53355040,tueminhcar,22,3400,43,4.90625,"Quận Long Biên, Hà Nội",1516529218
31,780073103,saigonhometech,31,4505,46,4.892776,"Quận Tân Bình, TP. Hồ Chí Minh",1653531522
32,21078602,trumcongnghe,268,17752,368,4.847441,"Quận Ngô Quyền, Hải Phòng",1493179370
33,251967117,phukienotocarstore98,33,2960,85,4.841571,"Quận Bắc Từ Liêm, Hà Nội",1587352684
34,646662818,officialstore70mai,40,6096,65,4.910938,"Quận Bình Tân, TP. Hồ Chí Minh",1641376519
35,17917892,tcar.pro,23,2574,52,4.869919,"Quận Hải An, Hải Phòng",1489135076
36,53355040,tueminhcar,22,3400,43,4.90625,"Quận Long Biên, Hà Nội",1516529218
37,143589212,beckyliu.vn,19,516,35,4.667851,,1556619234
38,299252,cuahangtcs,2744,214339,5422,4.843861,"Quận Hoàng Mai, Hà Nội",1439005294
39,401485839,phu_kien_oto_gia_si,107,7647,194,4.847517,"Thành Phố Thái Bình, Thái Bình",1615480942
40,759356478,sagetechnology.vn,37,819,45,4.631458,,1651136683
41,99552004,hainam_auto,86,4759,125,4.826247,"Quận Hà Đông, Hà Nội",1540791415
42,173997513,thienvuongshop87,29,735,32,4.697051,"Quận Bắc Từ Liêm, Hà Nội",1567054253
43,408921219,giadunghoanhao81,49,2707,60,4.828535,"Quận Bình Tân, TP. Hồ Chí Minh",1616488913
44,206468529,autotop1.vn,10,326,11,4.755814,,1575622313
45,706374110,ontekco.haiduong,4,326,6,4.848249,"Huyện Thanh Hà, Hải Dương",1646376364
46,14012700,rita_official,2,445,6,4.924107,"Quận Phú Nhuận, TP. Hồ Chí Minh",1482131719
47,73436667,autocap.top,5,1001,14,4.91269,"Quận Nam Từ Liêm, Hà Nội",1528263235
48,667164735,ddpaiofficial,8,1022,10,4.92885,"Quận Bình Tân, TP. Hồ Chí Minh",1643103586
49,96537614,vietmap_official_store,10,494,19,4.802303,"Huyện Bình Chánh, TP. Hồ Chí Minh",1539592544
50,646662818,officialstore70mai,40,6096,65,4.910938,"Quận Bình Tân, TP. Hồ Chí Minh",1641376519
51,238323920,fasvineveryone,11,546,20,4.772085,"Quận Thanh Xuân, Hà Nội",1584942641
52,53355040,tueminhcar,22,3400,43,4.90625,"Quận Long Biên, Hà Nội",1516529218
53,796609311,hanoi_autoshop,15,579,29,4.73021,"Huyện Thanh Oai, Hà Nội",1655429138
54,746276855,shopdoxeoto,4,447,20,4.812766,"Huyện Thanh Oai, Hà Nội",1649816599
55,48608792,camera_a_tan_official_store_sg,442,16283,651,4.741978,"Quận Tân Bình, TP. Hồ Chí Minh",1513528275
56,880588486,komexjsc,0,399,3,4.963255,"Quận Nam Từ Liêm, Hà Nội",1665396489
57,816490879,fnkvision_1,34,2287,80,4.787707,"Quận Bình Tân, TP. Hồ Chí Minh",1657618567
58,297411514,z.store.sg,65,3003,95,4.79249,"Quận Tân Bình, TP. Hồ Chí Minh",1597569261
59,297411514,z.store.sg,65,3003,95,4.79249,"Quận Tân Bình, TP. Hồ Chí Minh",1597569261
60,48608792,camera_a_tan_official_store_sg,442,16283,651,4.741978,"Quận Tân Bình, TP. Hồ Chí Minh",1513528275
61,48608792,camera_a_tan_official_store_sg,442,16283,651,4.741978,"Quận Tân Bình, TP. Hồ Chí Minh",1513528275
62,408225626,miviet.official,8,1254,15,4.905976,"Quận Tân Phú, TP. Hồ Chí Minh",1616392151
63,585862174,vietstar.media,23,1585,66,4.787154,"Quận Gò Vấp, TP. Hồ Chí Minh",1636455158
64,389936597,camera_360_store,59,266,20,4.107143,"Quận Nam Từ Liêm, Hà Nội",1613701372
65,206468529,autotop1.vn,10,326,11,4.755814,,1575622313
66,783734127,mi_saigon_lt,26,2021,51,4.810028,"Quận Tân Bình, TP. Hồ Chí Minh",1653982146
67,79898090,sjcamvietnam1,2,231,5,4.847458,"Quận Hà Đông, Hà Nội",1531903975
68,646662818,officialstore70mai,40,6096,65,4.910938,"Quận Bình Tân, TP. Hồ Chí Minh",1641376519
69,19576196,ontek_dashcam,86,2710,112,4.732799,"Huyện Thanh Trì, Hà Nội",1491226775
70,53355040,tueminhcar,22,3400,43,4.90625,"Quận Long Biên, Hà Nội",1516529218
71,822616743,phukiendochoixe,5,1734,4,4.974209,"Quận Thanh Xuân, Hà Nội",1658310173
72,667164735,ddpaiofficial,8,1022,10,4.92885,"Quận Bình Tân, TP. Hồ Chí Minh",1643103586
73,667164735,ddpaiofficial,8,1022,10,4.92885,"Quận Bình Tân, TP. Hồ Chí Minh",1643103586
74,21078602,trumcongnghe,268,17752,368,4.847441,"Quận Ngô Quyền, Hải Phòng",1493179370
75,53355040,tueminhcar,22,3400,43,4.90625,"Quận Long Biên, Hà Nội",1516529218
76,251967117,phukienotocarstore98,33,2960,85,4.841571,"Quận Bắc Từ Liêm, Hà Nội",1587352684
77,3075268,zestore.vn,802,97195,2429,4.866745,"Quận Bắc Từ Liêm, Hà Nội",1454205168
78,171571510,phukienvietphuong,271,58211,761,4.923388,"Quận Tân Bình, TP. Hồ Chí Minh",1566234198
79,833842081,asawin.vn,8,535,15,4.863139,,1659604028
80,646662818,officialstore70mai,40,6096,65,4.910938,"Quận Bình Tân, TP. Hồ Chí Minh",1641376519
81,780073103,saigonhometech,31,4505,46,4.892776,"Quận Tân Bình, TP. Hồ Chí Minh",1653531522
82,500345851,mossovy02.vn,193,4143,252,4.634607,,1627639296
83,238323920,fasvineveryone,11,546,20,4.772085,"Quận Thanh Xuân, Hà Nội",1584942641
84,3075268,zestore.vn,802,97195,2429,4.866745,"Quận Bắc Từ Liêm, Hà Nội",1454205168
85,35463152,hoangtuanshopvn,316,12966,499,4.769273,"Huyện Hoài Đức, Hà Nội",1505890480
86,187645888,xedienmiennam,1,401,11,4.895522,"Thành Phố Biên Hòa, Đồng Nai",1570811614
87,77067677,quanlinhshop,8,4054,35,4.927218,"Quận Thanh Xuân, Hà Nội",1530417434
88,191264266,dienmaycenterofficial,93,13258,261,4.885424,"Quận Hà Đông, Hà Nội",1571881273
89,158030457,minhhanauto_phukienoto268,35,1098,33,4.762787,"Quận Hà Đông, Hà Nội",1561482040
90,822616743,phukiendochoixe,5,1734,4,4.974209,"Quận Thanh Xuân, Hà Nội",1658310173
91,463832370,evean4.vn,9,195,17,4.59633,,1623318344
92,865589135,shopcamerahanhtrinhxetabon,5,455,1,4.943478,"Quận Thanh Xuân, Hà Nội",1663378006
93,59469433,ontekco.official.store,98,3660,93,4.76467,"Huyện Thanh Trì, Hà Nội",1520330477
94,115715604,evean.vn,100,1352,102,4.520683,,1545363009
95,18418359,thanhthuyleqn,783,49144,1663,4.8107,"Huyện Hoài Đức, Hà Nội",1489780434
96,299252,cuahangtcs,2744,214339,5422,4.843861,"Quận Hoàng Mai, Hà Nội",1439005294
97,53355040,tueminhcar,22,3400,43,4.90625,"Quận Long Biên, Hà Nội",1516529218
98,17917892,tcar.pro,23,2574,52,4.869919,"Quận Hải An, Hải Phòng",1489135076
99,17917892,tcar.pro,23,2574,52,4.869919,"Quận Hải An, Hải Phòng",1489135076
100,500301250,gomhang.vn,30,1129,43,4.742259,"Quận Ba Đình, Hà Nội",1627633635
101,53355040,tueminhcar,22,3400,43,4.90625,"Quận Long Biên, Hà Nội",1516529218
102,282050636,strongaromonyu.vn,204,4963,198,4.706772,,1594025165
103,376934776,shopcamerahanhtrinhchinhhang,48,2202,51,4.850667,"Quận Thanh Xuân, Hà Nội",1611300412
104,206468529,autotop1.vn,10,326,11,4.755814,,1575622313
105,14012700,rita_official,2,445,6,4.924107,"Quận Phú Nhuận, TP. Hồ Chí Minh",1482131719
106,35463152,hoangtuanshopvn,316,12966,499,4.769273,"Huyện Hoài Đức, Hà Nội",1505890480
107,607765391,mayhutchankhongkaw,68,1842,74,4.71875,"Quận Bình Tân, TP. Hồ Chí Minh",1638236350
108,119249450,trunghauyd,85,4112,152,4.789164,"Quận Hoàng Mai, Hà Nội",1546963402
109,417974504,4ainformation,16,3234,27,4.925522,"Quận Nam Từ Liêm, Hà Nội",1617688655
110,99552004,hainam_auto,86,4759,125,4.826247,"Quận Hà Đông, Hà Nội",1540791415
111,173997513,thienvuongshop87,29,735,32,4.697051,"Quận Bắc Từ Liêm, Hà Nội",1567054253
112,14012700,rita_official,2,445,6,4.924107,"Quận Phú Nhuận, TP. Hồ Chí Minh",1482131719
113,157008533,exquise.vn,529,24954,707,4.807898,,1561114252
114,646662818,officialstore70mai,40,6096,65,4.910938,"Quận Bình Tân, TP. Hồ Chí Minh",1641376519
115,297411514,z.store.sg,65,3003,95,4.79249,"Quận Tân Bình, TP. Hồ Chí Minh",1597569261
116,208264618,lananh8278,45,6948,84,4.915989,"Quận Cầu Giấy, Hà Nội",1575991109
117,767481533,ezvizhlc,8,370,5,4.828496,"Quận Hai Bà Trưng, Hà Nội",1652084151
118,162631527,cameraanninhgiare,53,2660,119,4.768833,"Quận Gò Vấp, TP. Hồ Chí Minh",1563025211
119,297411514,z.store.sg,65,3003,95,4.79249,"Quận Tân Bình, TP. Hồ Chí Minh",1597569261
120,810335152,arenti_official_store,2,85,5,4.714286,"Huyện Bình Chánh, TP. Hồ Chí Minh",1656993851
121,958799041,hanoinew90,4,378,2,4.955614,"Quận Đống Đa, Hà Nội",1677139120
122,48608792,camera_a_tan_official_store_sg,442,16283,651,4.741978,"Quận Tân Bình, TP. Hồ Chí Minh",1513528275
123,226704762,tenda_official_store,76,6489,149,4.861438,"Quận 10, TP. Hồ Chí Minh",1581388746
124,356131635,bachhoacamera,95,13151,125,4.925057,"Quận Hai Bà Trưng, Hà Nội",1607787350
125,171571510,phukienvietphuong,271,58211,761,4.923388,"Quận Tân Bình, TP. Hồ Chí Minh",1566234198
126,21078602,trumcongnghe,268,17752,368,4.847441,"Quận Ngô Quyền, Hải Phòng",1493179370
127,22020379,tdk0404,8,841,26,4.855491,"Quận 3, TP. Hồ Chí Minh",1494260355
128,21078602,trumcongnghe,268,17752,368,4.847441,"Quận Ngô Quyền, Hải Phòng",1493179370
129,335042018,khosidogiadunghcm,21,426,27,4.544669,"Quận Bình Tân, TP. Hồ Chí Minh",1604921593
130,463832370,evean4.vn,9,195,17,4.59633,,1623318344
131,3075268,zestore.vn,802,97195,2429,4.866745,"Quận Bắc Từ Liêm, Hà Nội",1454205168
132,290991655,smartour1.vn,0,29,1,4.9,,1596168313
133,59469433,ontekco.official.store,98,3660,93,4.76467,"Huyện Thanh Trì, Hà Nội",1520330477
134,22020379,tdk0404,8,841,26,4.855491,"Quận 3, TP. Hồ Chí Minh",1494260355
135,74799240,ishowmall.vn,287,8121,388,4.711154,,1529055528
136,329402900,70maiofficial,2,364,6,4.907859,"Quận Cầu Giấy, Hà Nội",1603957977
137,14012700,rita_official,2,445,6,4.924107,"Quận Phú Nhuận, TP. Hồ Chí Minh",1482131719
138,376934776,shopcamerahanhtrinhchinhhang,48,2202,51,4.850667,"Quận Thanh Xuân, Hà Nội",1611300412
139,822616743,phukiendochoixe,5,1734,4,4.974209,"Quận Thanh Xuân, Hà Nội",1658310173
140,53355040,tueminhcar,22,3400,43,4.90625,"Quận Long Biên, Hà Nội",1516529218
141,251967117,phukienotocarstore98,33,2960,85,4.841571,"Quận Bắc Từ Liêm, Hà Nội",1587352684
142,59469433,ontekco.official.store,98,3660,93,4.76467,"Huyện Thanh Trì, Hà Nội",1520330477
143,646662818,officialstore70mai,40,6096,65,4.910938,"Quận Bình Tân, TP. Hồ Chí Minh",1641376519
144,49961034,doanlanchi,656,14774,756,4.659488,"Quận Gò Vấp, TP. Hồ Chí Minh",1514365659
145,178846272,phukienxehay68,26,1207,40,4.786859,"Quận Hà Đông, Hà Nội",1568277708
146,329402900,70maiofficial,2,364,6,4.907859,"Quận Cầu Giấy, Hà Nội",1603957977
147,115715604,evean.vn,100,1352,102,4.520683,,1545363009
148,21078602,trumcongnghe,268,17752,368,4.847441,"Quận Ngô Quyền, Hải Phòng",1493179370
149,853275892,xalohanoi,0,48,0,4.958333,"Quận Cầu Giấy, Hà Nội",1661875468
150,18418359,thanhthuyleqn,783,49144,1663,4.8107,"Huyện Hoài Đức, Hà Nội",1489780434
151,226608943,hmgtech,38,7717,137,4.890026,"Quận Hà Đông, Hà Nội",1581344322
152,266359740,fitslim.vn,217,6506,275,4.730568,,1590397000
153,706615245,annehong.vn,9,116,6,4.520325,,1646394282
154,775354178,trangdiemxe,24,5567,44,4.916373,"Quận Tân Bình, TP. Hồ Chí Minh",1652968498
155,164933554,pembang.vn,567,15113,668,4.713189,,1563847764
156,329402900,70maiofficial,2,364,6,4.907859,"Quận Cầu Giấy, Hà Nội",1603957977
157,418623401,rebuy1.vn,28,1405,54,4.779221,,1617776702
158,114532625,dc.dochoioto,42,3308,80,4.829029,"Quận Nam Từ Liêm, Hà Nội",1544867526
159,329402900,70maiofficial,2,364,6,4.907859,"Quận Cầu Giấy, Hà Nội",1603957977
160,73436667,autocap.top,5,1001,14,4.91269,"Quận Nam Từ Liêm, Hà Nội",1528263235
161,479664968,1i44v7yboi,1,53,3,4.730769,"Quận Thanh Xuân, Hà Nội",1625219415
162,303800658,quaffzestvn.vn,215,9250,296,4.798646,,1598957761
163,14012700,rita_official,2,445,6,4.924107,"Quận Phú Nhuận, TP. Hồ Chí Minh",1482131719
164,667164735,ddpaiofficial,8,1022,10,4.92885,"Quận Bình Tân, TP. Hồ Chí Minh",1643103586
165,683659627,carzone.top,151,6921,226,4.793573,"Huyện Thanh Trì, Hà Nội",1644475956
166,11514252,thegioiaudio.ontekco,887,23329,918,4.681337,"Huyện Thanh Trì, Hà Nội",1477456368
167,304899449,oledc2,15,1004,28,4.84593,"Huyện Hiệp Hòa, Bắc Giang",1599193112
168,3075268,zestore.vn,802,97195,2429,4.866745,"Quận Bắc Từ Liêm, Hà Nội",1454205168
169,117522564,shopdientuquangchau,6,346,16,4.756374,"Huyện Cao Lộc, Lạng Sơn",1546184371
170,162631527,cameraanninhgiare,53,2660,119,4.768833,"Quận Gò Vấp, TP. Hồ Chí Minh",1563025211
171,401263973,rlb002.vn,2,70,3,4.76,,1615451835
172,191113247,hoantrantvh,3,178,1,4.857143,"Huyện Đông Anh, Hà Nội",1571837724
173,17917892,tcar.pro,23,2574,52,4.869919,"Quận Hải An, Hải Phòng",1489135076
174,633248085,giadinhstore6868,46,5248,73,4.879681,"Quận Hoàng Mai, Hà Nội",1640168195
175,842743668,newstarhanoi,143,4970,129,4.615861,"Quận Đống Đa, Hà Nội",1660620052
176,11279821,camerayoosee,1680,58206,2125,4.752559,"Quận Hà Đông, Hà Nội",1476941908
177,347048079,deli_oa_officialstore,47,3328,84,4.843201,"Huyện Thường Tín, Hà Nội",1606628442
178,47484605,vietstarquocte,92,3792,107,4.79171,"Quận Bình Tân, TP. Hồ Chí Minh",1513000392
179,48608792,camera_a_tan_official_store_sg,442,16283,651,4.741978,"Quận Tân Bình, TP. Hồ Chí Minh",1513528275
180,48608792,camera_a_tan_official_store_sg,442,16283,651,4.741978,"Quận Tân Bình, TP. Hồ Chí Minh",1513528275
181,958799041,hanoinew90,4,378,2,4.955614,"Quận Đống Đa, Hà Nội",1677139120
182,529351798,trangiatelecom.vn,11,1540,18,4.927041,"Quận Gò Vấp, TP. Hồ Chí Minh",1630820076
183,769078898,imouhanoi,7,440,10,4.84633,"Quận Hai Bà Trưng, Hà Nội",1652253423
184,226704762,tenda_official_store,76,6489,149,4.861438,"Quận 10, TP. Hồ Chí Minh",1581388746
185,585862174,vietstar.media,23,1585,66,4.787154,"Quận Gò Vấp, TP. Hồ Chí Minh",1636455158
186,235508763,hungtv96,1,32,2,4.771429,"Quận Thanh Xuân, Hà Nội",1584065889
187,168031188,chikhangxehoipro.net,78,2971,108,4.768576,"Quận Bắc Từ Liêm, Hà Nội",1564981583
188,28317988,phukiencongnghe.top,851,26654,1042,4.725763,"Huyện Thanh Trì, Hà Nội",1500569178
189,49961034,doanlanchi,656,14774,756,4.659488,"Quận Gò Vấp, TP. Hồ Chí Minh",1514365659
190,154342691,evean2.vn,135,3645,195,4.698845,,1560131386
191,14012700,rita_official,2,445,6,4.924107,"Quận Phú Nhuận, TP. Hồ Chí Minh",1482131719
192,238323920,fasvineveryone,11,546,20,4.772085,"Quận Thanh Xuân, Hà Nội",1584942641
193,21078602,trumcongnghe,268,17752,368,4.847441,"Quận Ngô Quyền, Hải Phòng",1493179370
194,22020379,tdk0404,8,841,26,4.855491,"Quận 3, TP. Hồ Chí Minh",1494260355
195,775163690,sidacommerce.vn,6,58,3,4.462687,,1652950842
196,18356644,halle23,0,10,1,4.727273,"Quận Hoàn Kiếm, Hà Nội",1489711736
197,14012700,rita_official,2,445,6,4.924107,"Quận Phú Nhuận, TP. Hồ Chí Minh",1482131719
198,561259298,brand.home,49,13805,170,4.926993,"Quận Bình Tân, TP. Hồ Chí Minh",1633965532
199,99552004,hainam_auto,86,4759,125,4.826247,"Quận Hà Đông, Hà Nội",1540791415
200,169537755,at.car,912,43414,1449,4.799311,"Huyện Thanh Trì, Hà Nội",1565452802
201,462125616,rehoboth.vn,9,387,9,4.815789,,1623146562
202,154874805,matu_shop,18,1860,41,4.870882,"Quận Hà Đông, Hà Nội",1560319151
203,343537617,oops_shop.vn,25,839,29,4.760547,,1606119364
204,173997513,thienvuongshop87,29,735,32,4.697051,"Quận Bắc Từ Liêm, Hà Nội",1567054253
205,238323920,fasvineveryone,11,546,20,4.772085,"Quận Thanh Xuân, Hà Nội",1584942641
206,35463152,hoangtuanshopvn,316,12966,499,4.769273,"Huyện Hoài Đức, Hà Nội",1505890480
207,73436667,autocap.top,5,1001,14,4.91269,"Quận Nam Từ Liêm, Hà Nội",1528263235
208,126479086,tongkhontotomn,5,229,5,4.831933,"Thành Phố Thủ Đức, TP. Hồ Chí Minh",1550154126
209,119353306,qeufjhpoo.vn,91,1639,76,4.648451,,1547020051
210,59469433,ontekco.official.store,98,3660,93,4.76467,"Huyện Thanh Trì, Hà Nội",1520330477
211,43343881,automartshop,0,19,1,4.842105,"Quận Cầu Giấy, Hà Nội",1510591284
212,43343881,automartshop,0,19,1,4.842105,"Quận Cầu Giấy, Hà Nội",1510591284
213,107128697,fukoauto,190,17608,521,4.837692,"Quận Hoàng Mai, Hà Nội",1542939870
214,691583428,elite90s.store.smartdevice,3,20,1,4.291667,"Quận Bình Tân, TP. Hồ Chí Minh",1645156276
215,706341401,ontekco.hungyen,4,142,0,4.790698,"Huyện Kim Động, Hưng Yên",1646373902
216,206468529,autotop1.vn,10,326,11,4.755814,,1575622313
217,500301250,gomhang.vn,30,1129,43,4.742259,"Quận Ba Đình, Hà Nội",1627633635
218,759356478,sagetechnology.vn,37,819,45,4.631458,,1651136683
219,206468529,autotop1.vn,10,326,11,4.755814,,1575622313
220,43823101,congnghe360,14,300,10,4.695082,"Quận Thanh Xuân, Hà Nội",1510895524
221,319537627,combabystore,0,0,0,,"Huyện Hoài Đức, Hà Nội",1602127578
222,115715604,evean.vn,100,1352,102,4.520683,,1545363009
223,706615245,annehong.vn,9,116,6,4.520325,,1646394282
224,19576196,ontek_dashcam,86,2710,112,4.732799,"Huyện Thanh Trì, Hà Nội",1491226775
225,118753950,congnghesovietnam,85,4860,159,4.812313,"Quận Ba Đình, Hà Nội",1546761638
226,22123151,dc_vietnam_official,12,1385,18,4.896703,"Quận Nam Từ Liêm, Hà Nội",1494391869
227,783767318,ola_home,2,129,2,4.853448,"Quận Hà Đông, Hà Nội",1653985632
228,22123151,dc_vietnam_official,12,1385,18,4.896703,"Quận Nam Từ Liêm, Hà Nội",1494391869
229,290991655,smartour1.vn,0,29,1,4.9,,1596168313
230,311498714,starlight5,4,38,1,4.511628,"Thành Phố Phủ Lý, Hà Nam",1600433654
231,99552004,hainam_auto,86,4759,125,4.826247,"Quận Hà Đông, Hà Nội",1540791415
232,115715604,evean.vn,100,1352,102,4.520683,,1545363009
233,173997513,thienvuongshop87,29,735,32,4.697051,"Quận Bắc Từ Liêm, Hà Nội",1567054253
234,651436353,khuonghda,1,54,3,4.769231,"Quận 3, TP. Hồ Chí Minh",1641783350
235,178804179,qingqingnianhua09.vn,5,61,4,4.528571,,1568265863
236,353651999,superguard.vietnam,66,1888,77,4.718814,"Quận Hà Đông, Hà Nội",1607597105
237,769078898,imouhanoi,7,440,10,4.84633,"Quận Hai Bà Trưng, Hà Nội",1652253423
238,529351798,trangiatelecom.vn,11,1540,18,4.927041,"Quận Gò Vấp, TP. Hồ Chí Minh",1630820076
239,275585897,smart.camera.store,14,2081,27,4.910901,"Quận Thanh Xuân, Hà Nội",1592450290
240,275585897,smart.camera.store,14,2081,27,4.910901,"Quận Thanh Xuân, Hà Nội",1592450290
241,347048079,deli_oa_officialstore,47,3328,84,4.843201,"Huyện Thường Tín, Hà Nội",1606628442
242,909180316,camera.toancau,1,519,0,4.990329,"Quận Hải An, Hải Phòng",1669459406
243,297411514,z.store.sg,65,3003,95,4.79249,"Quận Tân Bình, TP. Hồ Chí Minh",1597569261
244,909180316,camera.toancau,1,519,0,4.990329,"Quận Hải An, Hải Phòng",1669459406
245,14012700,rita_official,2,445,6,4.924107,"Quận Phú Nhuận, TP. Hồ Chí Minh",1482131719
246,14012700,rita_official,2,445,6,4.924107,"Quận Phú Nhuận, TP. Hồ Chí Minh",1482131719
247,667164735,ddpaiofficial,8,1022,10,4.92885,"Quận Bình Tân, TP. Hồ Chí Minh",1643103586
248,178846272,phukienxehay68,26,1207,40,4.786859,"Quận Hà Đông, Hà Nội",1568277708
249,28002255,phukienotogiare,60,2285,79,4.764632,"Quận 11, TP. Hồ Chí Minh",1500285676
250,600892110,mihnstoreofficial,16,2719,40,4.900548,"Quận Hà Đông, Hà Nội",1637662769
251,859581018,micro.karaoke.ontekco,6,209,4,4.711268,"Huyện Thanh Trì, Hà Nội",1662641803
252,3075268,zestore.vn,802,97195,2429,4.866745,"Quận Bắc Từ Liêm, Hà Nội",1454205168
253,833842081,asawin.vn,8,535,15,4.863139,,1659604028
254,858613655,ontekco.flagship.store,1,300,9,4.858736,"Huyện Thanh Trì, Hà Nội",1662534358
255,141300607,mai_na,98,7401,183,4.850514,"Thành Phố Thái Bình, Thái Bình",1555805142
256,206468529,autotop1.vn,10,326,11,4.755814,,1575622313
257,135245010,moistshodow.vn,60,1567,73,4.702736,,1553335458
258,767533600,giga.hcm,25,4064,47,4.915071,"Quận 12, TP. Hồ Chí Minh",1652089787
259,154342691,evean2.vn,135,3645,195,4.698845,,1560131386
260,617021956,qianhai008.vn,65,1817,104,4.681725,,1638948750
261,8453018,shopdocvn,17,890,33,4.807609,"Quận Hà Đông, Hà Nội",1469986447
262,218932068,crownfamily1.vn,28,1025,78,4.687386,,1578892400
263,59367109,trongltctn,121,1508,112,4.514134,"Thị Xã Phổ Yên, Thái Nguyên",1520263608
264,201529226,mjy5.vn,40,885,41,4.675789,,1574241502
265,6966270,s0nsjeusa0,20,592,18,4.758509,"Quận 12, TP. Hồ Chí Minh",1466210385
266,206468529,autotop1.vn,10,326,11,4.755814,,1575622313
267,615301713,nhi_at77,3,76,4,4.691358,"Huyện Hoài Đức, Hà Nội",1638805049
268,99552004,hainam_auto,86,4759,125,4.826247,"Quận Hà Đông, Hà Nội",1540791415
269,704221539,kimnhung_store,5,1351,15,4.906015,"Quận Hoàng Mai, Hà Nội",1646210996
270,14596070,phonglanrung190685,185,9096,386,4.777539,"Quận Hà Đông, Hà Nội",1483432565
271,765282202,xetabon_store,14,1481,13,4.931594,"Quận Gò Vấp, TP. Hồ Chí Minh",1651826005
272,115715604,evean.vn,100,1352,102,4.520683,,1545363009
273,28002255,phukienotogiare,60,2285,79,4.764632,"Quận 11, TP. Hồ Chí Minh",1500285676
274,417974504,4ainformation,16,3234,27,4.925522,"Quận Nam Từ Liêm, Hà Nội",1617688655
275,306168674,elderbrook.vn,240,6968,242,4.752446,,1599464030
276,16312645,haanhtuan93,67,3968,128,4.805806,"Quận Hà Đông, Hà Nội",1486563223
277,20428136,thaonhi172016,139,4383,188,4.709408,"Quận Phú Nhuận, TP. Hồ Chí Minh",1492349895
278,51897222,phutungchinhhang79,80,8682,145,4.886758,"Thành Phố Thủ Đức, TP. Hồ Chí Minh",1515630664
279,127040768,minhdo021087,7,566,29,4.792929,"Quận Hai Bà Trưng, Hà Nội",1550400746
280,401258214,3c_factory.vn,3,220,1,4.931507,,1615450972
281,208007967,lientranhihi,4,101,11,4.6,"Quận Hoàng Mai, Hà Nội",1575955128
282,77619898,sieuthitaigia,16,259,20,4.566102,"Huyện Việt Yên, Bắc Giang",1530713114
283,164933554,pembang.vn,567,15113,668,4.713189,,1563847764
284,410957130,hikitty.vn,15,650,19,4.801527,,1616743947
285,683659627,carzone.top,151,6921,226,4.793573,"Huyện Thanh Trì, Hà Nội",1644475956
286,646662818,officialstore70mai,40,6096,65,4.910938,"Quận Bình Tân, TP. Hồ Chí Minh",1641376519
287,73436667,autocap.top,5,1001,14,4.91269,"Quận Nam Từ Liêm, Hà Nội",1528263235
288,142059682,matduongsaigon,0,22,1,4.863636,"Quận Tân Phú, TP. Hồ Chí Minh",1556112667
289,31812189,phukienxehoi,882,31599,1333,4.741262,"Quận Hoàng Mai, Hà Nội",1503547016
290,142059682,matduongsaigon,0,22,1,4.863636,"Quận Tân Phú, TP. Hồ Chí Minh",1556112667
291,53355040,tueminhcar,22,3400,43,4.90625,"Quận Long Biên, Hà Nội",1516529218
292,74270646,openmall.vn,3665,92589,3796,4.712708,,1528700393
293,646662818,officialstore70mai,40,6096,65,4.910938,"Quận Bình Tân, TP. Hồ Chí Minh",1641376519
294,175702975,hothituat,21,2444,39,4.893509,"Quận Nam Từ Liêm, Hà Nội",1567574598
295,356131635,bachhoacamera,95,13151,125,4.925057,"Quận Hai Bà Trưng, Hà Nội",1607787350
296,190753408,tongkhocongngheso.top1,109,16146,246,4.906938,"Quận Cầu Giấy, Hà Nội",1571742769
297,353651999,superguard.vietnam,66,1888,77,4.718814,"Quận Hà Đông, Hà Nội",1607597105
298,48608792,camera_a_tan_official_store_sg,442,16283,651,4.741978,"Quận Tân Bình, TP. Hồ Chí Minh",1513528275
299,168581444,0865397692.camera,702,31829,1019,4.787667,"Quận Hà Đông, Hà Nội",1565148282
300,168581444,0865397692.camera,702,31829,1019,4.787667,"Quận Hà Đông, Hà Nội",1565148282
301,958799041,hanoinew90,4,378,2,4.955614,"Quận Đống Đa, Hà Nội",1677139120
302,55564549,tronghoa250295,728,26314,948,4.755952,"Quận Gò Vấp, TP. Hồ Chí Minh",1517849618
303,16511872,linhkienthietbigiasi,1100,35016,1522,4.722459,"Quận 12, TP. Hồ Chí Minh",1486918285
304,11279821,camerayoosee,1680,58206,2125,4.752559,"Quận Hà Đông, Hà Nội",1476941908
305,240599339,noithatotoh3,1,110,0,4.93578,"Quận Hai Bà Trưng, Hà Nội",1585658053
306,729719775,sieunhanh689,20,819,26,4.785805,"Quận Hà Đông, Hà Nội",1648190036
307,6480592,anhtuan6290,116,4317,146,4.770567,"Huyện Thanh Trì, Hà Nội",1465186204
308,759356478,sagetechnology.vn,37,819,45,4.631458,,1651136683
309,3075268,zestore.vn,802,97195,2429,4.866745,"Quận Bắc Từ Liêm, Hà Nội",1454205168
310,24917393,bonjovi3,0,0,0,,"Thành Phố Vinh, Nghệ An",1496994167
311,765282202,xetabon_store,14,1481,13,4.931594,"Quận Gò Vấp, TP. Hồ Chí Minh",1651826005
312,19874119,vietsmartauto,148,3362,167,4.661492,"Quận Hoàng Mai, Hà Nội",1491577800
313,253605091,froodq2,282,7428,352,4.701688,"Thành Phố Thủ Đức, TP. Hồ Chí Minh",1587724210
314,84474001,thaiduongauto,18,297,19,4.578313,"Huyện Việt Yên, Bắc Giang",1534295359
315,154342691,evean2.vn,135,3645,195,4.698845,,1560131386
316,238323920,fasvineveryone,11,546,20,4.772085,"Quận Thanh Xuân, Hà Nội",1584942641
317,14012700,rita_official,2,445,6,4.924107,"Quận Phú Nhuận, TP. Hồ Chí Minh",1482131719
318,345363894,khongbanginuadau,9,1001,7,4.936473,"Huyện Chương Mỹ, Hà Nội",1606378131
319,74270646,openmall.vn,3665,92589,3796,4.712708,,1528700393
320,49113836,thegioicap,210,5021,230,4.686092,"Quận Thanh Xuân, Hà Nội",1513847534
321,340928935,bestcar.vn,1,111,5,4.853211,,1605688430
322,447713712,yeguozhang1346.vn,42,1294,56,4.722665,,1621513601
323,178846272,phukienxehay68,26,1207,40,4.786859,"Quận Hà Đông, Hà Nội",1568277708
324,55564549,tronghoa250295,728,26314,948,4.755952,"Quận Gò Vấp, TP. Hồ Chí Minh",1517849618
325,596649660,cameraxetabonoficialstore,51,637,29,4.622348,"Quận Thanh Xuân, Hà Nội",1637288842
326,811281344,i55xp8ko9w,100,1830,122,4.585306,"Quận Bắc Từ Liêm, Hà Nội",1657077101
327,130902394,hmtrade.vn,37,1467,36,4.808959,,1551684156
328,706615245,annehong.vn,9,116,6,4.520325,,1646394282
329,93193644,minhtinshop,401,70491,883,4.915816,"Quận Nam Từ Liêm, Hà Nội",1538129246
330,615301713,nhi_at77,3,76,4,4.691358,"Huyện Hoài Đức, Hà Nội",1638805049
331,447713712,yeguozhang1346.vn,42,1294,56,4.722665,,1621513601
332,77619898,sieuthitaigia,16,259,20,4.566102,"Huyện Việt Yên, Bắc Giang",1530713114
333,43343881,automartshop,0,19,1,4.842105,"Quận Cầu Giấy, Hà Nội",1510591284
334,178846272,phukienxehay68,26,1207,40,4.786859,"Quận Hà Đông, Hà Nội",1568277708
335,662082869,tongkhocamerawifi,93,5451,95,4.831553,"Huyện Thanh Oai, Hà Nội",1642666989
336,46898496,lanle371a,520,19068,807,4.742682,"Quận Hoàng Mai, Hà Nội",1512705824
337,289688291,tinchigh.vn,158,7194,256,4.788592,,1595840616
338,96537614,vietmap_official_store,10,494,19,4.802303,"Huyện Bình Chánh, TP. Hồ Chí Minh",1539592544
339,615301713,nhi_at77,3,76,4,4.691358,"Huyện Hoài Đức, Hà Nội",1638805049
340,115715604,evean.vn,100,1352,102,4.520683,,1545363009
341,282548111,lighting01.vn,54,1023,62,4.63511,,1594111566
342,223167372,bon_banh_mien_trung,1,295,1,4.938567,"Quận Cẩm Lệ, Đà Nẵng",1580301359
343,178846272,phukienxehay68,26,1207,40,4.786859,"Quận Hà Đông, Hà Nội",1568277708
344,299252,cuahangtcs,2744,214339,5422,4.843861,"Quận Hoàng Mai, Hà Nội",1439005294
345,319537627,combabystore,0,0,0,,"Huyện Hoài Đức, Hà Nội",1602127578
346,73436667,autocap.top,5,1001,14,4.91269,"Quận Nam Từ Liêm, Hà Nội",1528263235
347,765282202,xetabon_store,14,1481,13,4.931594,"Quận Gò Vấp, TP. Hồ Chí Minh",1651826005
348,34417430,bachaxanh,144,6630,287,4.775949,"Quận Hà Đông, Hà Nội",1505116552
349,206468529,autotop1.vn,10,326,11,4.755814,,1575622313
350,73436667,autocap.top,5,1001,14,4.91269,"Quận Nam Từ Liêm, Hà Nội",1528263235
351,11514252,thegioiaudio.ontekco,887,23329,918,4.681337,"Huyện Thanh Trì, Hà Nội",1477456368
352,500301250,gomhang.vn,30,1129,43,4.742259,"Quận Ba Đình, Hà Nội",1627633635
353,53355040,tueminhcar,22,3400,43,4.90625,"Quận Long Biên, Hà Nội",1516529218
354,238323920,fasvineveryone,11,546,20,4.772085,"Quận Thanh Xuân, Hà Nội",1584942641
355,375324319,dientungocdiep,5,195,5,4.798969,"Quận Gò Vấp, TP. Hồ Chí Minh",1611028714
356,966704857,trungcams,2,7,0,4.111111,"Thành Phố Lào Cai, Lào Cai",1678460524
357,890425121,jooan.vn,7,201,10,4.68,,1666786926
358,356131635,bachhoacamera,95,13151,125,4.925057,"Quận Hai Bà Trưng, Hà Nội",1607787350
359,953825183,camerayooseehcm,1,904,5,4.976796,"Quận Bình Tân, TP. Hồ Chí Minh",1676279575
360,442849711,pk_at77,5,220,9,4.804348,"Huyện Hoài Đức, Hà Nội",1620893566
361,345363894,khongbanginuadau,9,1001,7,4.936473,"Huyện Chương Mỹ, Hà Nội",1606378131
362,187645888,xedienmiennam,1,401,11,4.895522,"Thành Phố Biên Hòa, Đồng Nai",1570811614
363,79056336,thuyvuipk,427,17035,558,4.778502,"Quận Hoàng Mai, Hà Nội",1531471335
364,99552004,hainam_auto,86,4759,125,4.826247,"Quận Hà Đông, Hà Nội",1540791415
365,439771007,friendshipstore.vn,37,2592,84,4.826363,"Quận Ba Đình, Hà Nội",1620471589
366,869015058,trillion_auto.vn,6,133,4,4.659574,,1663829345
367,182097617,daunhotsaigon2021,389,24687,493,4.863562,"Quận Tân Phú, TP. Hồ Chí Minh",1569312251
368,169537755,at.car,912,43414,1449,4.799311,"Huyện Thanh Trì, Hà Nội",1565452802
369,442849711,pk_at77,5,220,9,4.804348,"Huyện Hoài Đức, Hà Nội",1620893566
370,168568354,dailyphukienshop,153,5944,211,4.744038,"Quận Hoàng Mai, Hà Nội",1565145014
371,570719678,xiaomi.hanoi,17,3518,33,4.928735,"Quận Hoàng Mai, Hà Nội",1634956094
372,545075365,fireking.vn,5,93,8,4.592233,,1632361819
373,479664968,1i44v7yboi,1,53,3,4.730769,"Quận Thanh Xuân, Hà Nội",1625219415
374,691583428,elite90s.store.smartdevice,3,20,1,4.291667,"Quận Bình Tân, TP. Hồ Chí Minh",1645156276
375,311498714,starlight5,4,38,1,4.511628,"Thành Phố Phủ Lý, Hà Nam",1600433654
376,570719678,xiaomi.hanoi,17,3518,33,4.928735,"Quận Hoàng Mai, Hà Nội",1634956094
377,27584142,heartauto,15,2052,39,4.900636,"Quận Tân Bình, TP. Hồ Chí Minh",1499848832
378,833842081,asawin.vn,8,535,15,4.863139,,1659604028
379,22020379,tdk0404,8,841,26,4.855491,"Quận 3, TP. Hồ Chí Minh",1494260355
380,122210021,minhviet_officialstore,17,1766,53,4.848677,"Quận Nam Từ Liêm, Hà Nội",1548230082
381,99552004,hainam_auto,86,4759,125,4.826247,"Quận Hà Đông, Hà Nội",1540791415
382,80831555,tranannhienhp,54,2018,66,4.77975,"Huyện An Dương, Hải Phòng",1532372796
383,96914123,coocob.vn,109,2916,151,4.699344,,1539752050
384,154342691,evean2.vn,135,3645,195,4.698845,,1560131386
385,115508276,camwifi,35,1143,41,4.746467,"Quận Bình Tân, TP. Hồ Chí Minh",1545276058
386,439735202,giftstore.vn,9,348,7,4.820442,"Quận Ba Đình, Hà Nội",1620466436
387,96537614,vietmap_official_store,10,494,19,4.802303,"Huyện Bình Chánh, TP. Hồ Chí Minh",1539592544
388,269217388,tabitha.vn,27,675,31,4.681366,,1591001119
389,22020379,tdk0404,8,841,26,4.855491,"Quận 3, TP. Hồ Chí Minh",1494260355
390,46898496,lanle371a,520,19068,807,4.742682,"Quận Hoàng Mai, Hà Nội",1512705824
391,156416074,likely0123.vn,149,1984,177,4.512282,,1560909307
392,178846272,phukienxehay68,26,1207,40,4.786859,"Quận Hà Đông, Hà Nội",1568277708
393,59469433,ontekco.official.store,98,3660,93,4.76467,"Huyện Thanh Trì, Hà Nội",1520330477
394,135245163,teramarrie.vn,88,1719,83,4.653868,,1553335503
395,73436667,autocap.top,5,1001,14,4.91269,"Quận Nam Từ Liêm, Hà Nội",1528263235
396,561259298,brand.home,49,13805,170,4.926993,"Quận Bình Tân, TP. Hồ Chí Minh",1633965532
397,277895555,phukienxehayhlx,104,2430,136,4.674754,"Quận Hoàng Mai, Hà Nội",1593017251
398,376934776,shopcamerahanhtrinhchinhhang,48,2202,51,4.850667,"Quận Thanh Xuân, Hà Nội",1611300412
399,96537614,vietmap_official_store,10,494,19,4.802303,"Huyện Bình Chánh, TP. Hồ Chí Minh",1539592544
400,22020379,tdk0404,8,841,26,4.855491,"Quận 3, TP. Hồ Chí Minh",1494260355
401,178846272,phukienxehay68,26,1207,40,4.786859,"Quận Hà Đông, Hà Nội",1568277708
402,765282202,xetabon_store,14,1481,13,4.931594,"Quận Gò Vấp, TP. Hồ Chí Minh",1651826005
403,71263200,hoangkhangauto,305,4310,245,4.568399,"Thành Phố Phủ Lý, Hà Nam",1527255826
404,99552004,hainam_auto,86,4759,125,4.826247,"Quận Hà Đông, Hà Nội",1540791415
405,99552004,hainam_auto,86,4759,125,4.826247,"Quận Hà Đông, Hà Nội",1540791415
406,439687527,happyshopping21.vn,17,785,31,4.778718,"Quận Ba Đình, Hà Nội",1620459814
407,131720381,chasoedivine.vn,59,1784,76,4.733262,,1551952648
408,35463152,hoangtuanshopvn,316,12966,499,4.769273,"Huyện Hoài Đức, Hà Nội",1505890480
409,99552004,hainam_auto,86,4759,125,4.826247,"Quận Hà Đông, Hà Nội",1540791415
410,31861340,garahaiphong,439,24823,823,4.807279,"Huyện Kim Sơn, Ninh Bình",1503563784
411,95745903,cardecoration.vn,20,417,23,4.67713,,1539243764
412,775951608,aukeyofficialmall.vn,116,7735,142,4.853804,"Quận Bắc Từ Liêm, Hà Nội",1653043776
413,82328273,phamvan06101991,1,421,7,4.920561,"Thành Phố Thủ Đức, TP. Hồ Chí Minh",1533139999
414,99552004,hainam_auto,86,4759,125,4.826247,"Quận Hà Đông, Hà Nội",1540791415
415,279844729,electrostore.vn,477,2397,185,4.18006,,1593504867
416,135245218,oppophoneuse.vn,647,13855,666,4.674387,,1553335517
417,561305325,smart.lab,37,8427,102,4.926502,"Quận Bình Tân, TP. Hồ Chí Minh",1633969628
418,22020379,tdk0404,8,841,26,4.855491,"Quận 3, TP. Hồ Chí Minh",1494260355
419,279844729,electrostore.vn,477,2397,185,4.18006,,1593504867
